date,Domestic Aviation,Ground Transport,Industry,Power,Residential,中国
2019-01-01,0.16,2.52,9.88,14.25,4.35,31.17
2019-01-02,0.17,2.54,10.74,15.49,4.18,33.12
2019-01-03,0.16,2.53,10.67,15.38,3.87,32.61
2019-01-04,0.16,2.57,10.47,15.1,3.83,32.14
2019-01-05,0.16,2.51,10.56,15.23,3.91,32.37
2019-01-06,0.16,2.45,10.2,14.71,3.89,31.43
2019-01-07,0.16,2.53,10.5,15.14,3.82,32.16
2019-01-08,0.16,2.53,10.27,14.81,3.95,31.73
2019-01-09,0.16,2.53,10.52,15.17,3.94,32.33
2019-01-10,0.17,2.53,10.5,15.15,3.79,32.14
2019-01-11,0.13,2.57,10.56,15.23,3.7,32.19
2019-01-12,0.16,2.49,10.28,14.83,3.68,31.44
2019-01-13,0.16,2.43,9.96,14.36,3.67,30.59
2019-01-14,0.17,2.52,9.96,14.36,3.61,30.61
2019-01-15,0.17,2.52,9.86,14.21,4.08,30.84
2019-01-16,0.13,2.51,10.05,14.49,4.12,31.32
2019-01-17,0.17,2.52,9.99,14.41,3.89,30.98
2019-01-18,0.17,2.58,9.98,14.39,3.59,30.7
2019-01-19,0.17,2.52,9.62,13.87,3.54,29.72
2019-01-20,0.17,2.26,9.18,13.24,3.74,28.59
2019-01-21,0.17,2.52,9.15,13.19,3.78,28.81
2019-01-22,0.17,2.54,9.19,13.25,3.58,28.74
2019-01-23,0.18,2.53,9.1,13.12,3.48,28.41
2019-01-24,0.18,2.54,8.94,12.89,3.31,27.85
2019-01-25,0.17,2.58,8.77,12.64,3.48,27.65
2019-01-26,0.18,2.5,8.62,12.43,3.63,27.37
2019-01-27,0.18,2.43,8.07,11.63,3.43,25.74
2019-01-28,0.14,2.51,8.25,11.89,3.44,26.24
2019-01-29,0.18,2.52,7.77,11.2,3.27,24.94
2019-01-30,0.18,2.52,7.7,11.11,3.5,25.01
2019-01-31,0.18,2.52,7.54,10.87,3.83,24.94
2019-02-01,0.18,2.59,7.01,10.11,3.73,23.63
2019-02-02,0.18,2.51,6.88,9.92,3.27,22.76
2019-02-03,0.18,2.46,6.65,9.59,3.49,22.38
2019-02-04,0.15,2.56,6.41,9.24,3.44,21.82
2019-02-05,0.16,2.57,6.16,8.88,3.39,21.16
2019-02-06,0.17,2.56,6.16,8.89,3.42,21.21
2019-02-07,0.18,2.56,6.36,9.17,3.93,22.19
2019-02-08,0.18,2.6,6.73,9.71,4.13,23.34
2019-02-09,0.18,2.52,7.28,10.5,4.22,24.69
2019-02-10,0.18,2.48,7.66,11.05,4.28,25.65
2019-02-11,0.18,2.58,7.86,11.33,4.03,25.98
2019-02-12,0.19,2.58,8.23,11.87,3.85,26.72
2019-02-13,0.18,2.57,8.26,11.92,3.84,26.78
2019-02-14,0.17,2.57,8.38,12.09,3.85,27.06
2019-02-15,0.18,2.61,8.52,12.28,3.86,27.44
2019-02-16,0.18,2.54,8.38,12.09,3.9,27.09
2019-02-17,0.18,2.49,8.57,12.35,3.85,27.44
2019-02-18,0.18,2.56,9.22,13.29,3.78,29.03
2019-02-19,0.17,2.56,9.1,13.12,3.64,28.6
2019-02-20,0.18,2.56,9.14,13.17,3.53,28.58
2019-02-21,0.18,2.56,9.42,13.59,3.48,29.23
2019-02-22,0.18,2.59,9.32,13.44,3.43,28.97
2019-02-23,0.18,2.52,8.94,12.89,3.43,27.96
2019-02-24,0.18,2.46,8.65,12.47,3.3,27.06
2019-02-25,0.18,2.55,9.0,12.97,3.2,27.9
2019-02-26,0.18,2.55,9.3,13.41,3.23,28.67
2019-02-27,0.18,2.55,9.23,13.31,3.22,28.5
2019-02-28,0.18,2.55,8.98,12.95,3.13,27.78
2019-03-01,0.17,2.59,11.86,13.16,2.9,30.68
2019-03-02,0.17,2.51,11.71,13.0,2.88,30.26
2019-03-03,0.17,2.46,11.43,12.69,2.81,29.56
2019-03-04,0.17,2.55,11.1,12.33,2.59,28.74
2019-03-05,0.17,2.55,11.22,12.46,2.64,29.04
2019-03-06,0.17,2.55,10.95,12.15,2.82,28.63
2019-03-07,0.17,2.55,10.95,12.16,3.01,28.84
2019-03-08,0.17,2.59,11.27,12.51,2.84,29.37
2019-03-09,0.16,2.52,11.31,12.55,2.79,29.34
2019-03-10,0.17,2.47,10.71,11.89,2.63,27.86
2019-03-11,0.16,2.54,10.52,11.68,2.46,27.38
2019-03-12,0.16,2.55,10.44,11.59,2.58,27.32
2019-03-13,0.16,2.55,10.89,12.09,2.52,28.21
2019-03-14,0.17,2.55,10.9,12.11,2.49,28.21
2019-03-15,0.17,2.58,10.79,11.98,2.45,27.96
2019-03-16,0.16,2.52,10.55,11.72,2.29,27.24
2019-03-17,0.16,2.46,10.25,11.38,2.15,26.4
2019-03-18,0.16,2.54,10.62,11.79,2.02,27.13
2019-03-19,0.16,2.55,10.28,11.42,1.74,26.15
2019-03-20,0.16,2.54,10.4,11.55,1.97,26.63
2019-03-21,0.16,2.54,10.4,11.55,2.61,27.27
2019-03-22,0.17,2.54,10.85,12.05,2.77,28.38
2019-03-23,0.16,2.51,10.52,11.68,2.83,27.71
2019-03-24,0.17,2.46,10.15,11.27,2.49,26.53
2019-03-25,0.16,2.54,10.57,11.74,2.16,27.17
2019-03-26,0.1,2.54,10.53,11.69,1.95,26.81
2019-03-27,0.16,2.54,10.56,11.72,1.95,26.94
2019-03-28,0.16,2.54,10.77,11.96,2.26,27.69
2019-03-29,0.16,2.58,10.58,11.75,2.18,27.24
2019-03-30,0.16,2.51,10.11,11.23,2.36,26.37
2019-03-31,0.17,2.46,10.0,11.11,2.46,26.2
2019-04-01,0.17,2.53,12.09,11.65,2.22,28.66
2019-04-02,0.17,2.54,12.44,12.0,2.25,29.39
2019-04-03,0.17,2.53,12.5,12.05,2.08,29.33
2019-04-04,0.17,2.54,11.65,11.23,1.92,27.5
2019-04-05,0.16,2.56,10.51,10.13,1.77,25.13
2019-04-06,0.16,2.51,11.19,10.79,1.77,26.42
2019-04-07,0.17,2.44,11.7,11.28,1.76,27.36
2019-04-08,0.17,2.53,11.93,11.5,1.93,28.05
2019-04-09,0.17,2.53,12.53,12.08,2.29,29.6
2019-04-10,0.17,2.53,12.89,12.43,2.33,30.35
2019-04-11,0.09,2.53,12.65,12.19,2.19,29.67
2019-04-12,0.17,2.57,12.1,11.67,1.89,28.4
2019-04-13,0.17,2.51,11.96,11.53,1.83,28.0
2019-04-14,0.17,2.44,11.35,10.94,1.91,26.81
2019-04-15,0.17,2.53,11.71,11.28,1.72,27.41
2019-04-16,0.17,2.53,11.57,11.15,1.59,27.01
2019-04-17,0.17,2.53,11.01,10.61,1.5,25.82
2019-04-18,0.17,2.53,11.59,11.18,1.63,27.1
2019-04-19,0.17,2.57,11.68,11.26,1.73,27.41
2019-04-20,0.16,2.5,11.78,11.35,1.71,27.51
2019-04-21,0.17,2.44,11.5,11.09,1.65,26.85
2019-04-22,0.17,2.53,11.6,11.18,1.5,26.97
2019-04-23,0.17,2.53,12.05,11.61,1.47,27.83
2019-04-24,0.17,2.53,12.08,11.64,1.7,28.11
2019-04-25,0.17,2.53,11.96,11.53,1.88,28.07
2019-04-26,0.16,2.57,11.77,11.35,1.93,27.79
2019-04-27,0.16,2.5,11.64,11.22,1.97,27.49
2019-04-28,0.17,2.44,11.85,11.43,1.9,27.78
2019-04-29,0.17,2.53,11.63,11.21,1.74,27.28
2019-04-30,0.17,2.53,11.19,10.79,1.64,26.32
2019-05-01,0.17,2.53,10.23,9.21,1.53,23.67
2019-05-02,0.16,2.53,10.62,9.55,1.46,24.32
2019-05-03,0.17,2.57,11.48,10.33,1.41,25.96
2019-05-04,0.17,2.5,11.66,10.49,1.42,26.24
2019-05-05,0.17,2.44,11.49,10.33,1.63,26.07
2019-05-06,0.17,2.53,11.97,10.76,1.71,27.14
2019-05-07,0.17,2.53,12.38,11.14,1.65,27.87
2019-05-08,0.17,2.53,12.18,10.95,1.57,27.39
2019-05-09,0.17,2.53,12.55,11.29,1.46,28.01
2019-05-10,0.17,2.57,12.25,11.02,1.42,27.42
2019-05-11,0.17,2.5,11.91,10.71,1.39,26.68
2019-05-12,0.17,2.44,11.43,10.28,1.5,25.81
2019-05-13,0.17,2.53,12.21,10.99,1.49,27.38
2019-05-14,0.17,2.53,12.43,11.18,1.42,27.73
2019-05-15,0.17,2.53,12.5,11.24,1.37,27.81
2019-05-16,0.17,2.53,12.49,11.24,1.38,27.81
2019-05-17,0.16,2.57,12.77,11.49,1.36,28.35
2019-05-18,0.17,2.5,12.55,11.29,1.41,27.92
2019-05-19,0.17,2.44,11.81,10.62,1.51,26.54
2019-05-20,0.17,2.53,11.79,10.6,1.5,26.58
2019-05-21,0.17,2.53,11.86,10.66,1.43,26.65
2019-05-22,0.17,2.53,12.21,10.99,1.38,27.28
2019-05-23,0.17,2.53,12.65,11.38,1.35,28.09
2019-05-24,0.17,2.57,12.39,11.14,1.34,27.61
2019-05-25,0.16,2.5,12.52,11.27,1.34,27.8
2019-05-26,0.16,2.44,12.29,11.06,1.42,27.37
2019-05-27,0.16,2.53,12.09,10.87,1.47,27.11
2019-05-28,0.16,2.53,12.16,10.94,1.47,27.26
2019-05-29,0.17,2.53,12.19,10.96,1.41,27.25
2019-05-30,0.17,2.53,12.08,10.86,1.4,27.04
2019-05-31,0.17,2.57,12.04,10.83,1.4,27.0
2019-06-01,0.17,2.5,10.95,10.75,1.41,25.78
2019-06-02,0.17,2.44,10.51,10.31,1.39,24.82
2019-06-03,0.17,2.53,11.83,11.61,1.38,27.51
2019-06-04,0.16,2.53,12.21,11.99,1.39,28.29
2019-06-05,0.16,2.53,12.24,12.01,1.39,28.34
2019-06-06,0.16,2.53,11.83,11.62,1.38,27.53
2019-06-07,0.16,2.57,10.67,10.48,1.38,25.26
2019-06-08,0.16,2.5,10.84,10.64,1.38,25.52
2019-06-09,0.17,2.44,12.19,11.96,1.39,28.14
2019-06-10,0.17,2.53,12.89,12.65,1.38,29.62
2019-06-11,0.17,2.53,12.59,12.36,1.39,29.03
2019-06-12,0.17,2.53,12.56,12.33,1.38,28.96
2019-06-13,0.16,2.53,12.23,12.01,1.38,28.32
2019-06-14,0.17,2.57,12.23,12.0,1.4,28.37
2019-06-15,0.17,2.5,12.25,12.02,1.41,28.36
2019-06-16,0.17,2.44,11.68,11.47,1.4,27.16
2019-06-17,0.17,2.53,12.15,11.93,1.39,28.16
2019-06-18,0.17,2.53,12.72,12.48,1.39,29.28
2019-06-19,0.17,2.53,13.05,12.81,1.38,29.94
2019-06-20,0.17,2.53,12.96,12.72,1.38,29.75
2019-06-21,0.17,2.57,13.09,12.85,1.38,30.05
2019-06-22,0.17,2.5,12.71,12.47,1.37,29.23
2019-06-23,0.17,2.44,11.75,11.54,1.37,27.27
2019-06-24,0.17,2.53,11.99,11.77,1.37,27.83
2019-06-25,0.17,2.53,11.81,11.59,1.37,27.47
2019-06-26,0.17,2.53,12.09,11.87,1.38,28.05
2019-06-27,0.17,2.53,12.57,12.34,1.4,29.01
2019-06-28,0.17,2.57,12.66,12.42,1.39,29.21
2019-06-29,0.17,2.5,12.54,12.3,1.39,28.9
2019-06-30,0.17,2.44,12.04,11.82,1.38,27.86
2019-07-01,0.18,2.53,10.82,12.44,1.33,27.3
2019-07-02,0.17,2.53,10.96,12.6,1.33,27.6
2019-07-03,0.18,2.53,11.37,13.07,1.33,28.48
2019-07-04,0.18,2.53,11.15,12.82,1.33,28.01
2019-07-05,0.17,2.57,10.75,12.36,1.34,27.19
2019-07-06,0.17,2.5,10.32,11.86,1.34,26.2
2019-07-07,0.18,2.44,10.18,11.7,1.34,25.84
2019-07-08,0.18,2.53,10.91,12.54,1.35,27.49
2019-07-09,0.17,2.53,10.67,12.26,1.34,26.98
2019-07-10,0.18,2.53,10.47,12.03,1.34,26.54
2019-07-11,0.18,2.53,10.75,12.36,1.34,27.16
2019-07-12,0.18,2.57,10.7,12.29,1.33,27.07
2019-07-13,0.18,2.5,10.55,12.13,1.33,26.69
2019-07-14,0.18,2.44,10.42,11.97,1.33,26.34
2019-07-15,0.18,2.53,11.22,12.9,1.34,28.16
2019-07-16,0.18,2.53,11.35,13.04,1.33,28.43
2019-07-17,0.18,2.53,11.48,13.2,1.33,28.72
2019-07-18,0.18,2.53,11.96,13.75,1.33,29.75
2019-07-19,0.18,2.57,12.01,13.8,1.33,29.89
2019-07-20,0.18,2.5,11.67,13.41,1.33,29.1
2019-07-21,0.18,2.44,11.35,13.05,1.33,28.35
2019-07-22,0.18,2.53,12.07,13.87,1.33,29.97
2019-07-23,0.18,2.53,12.23,14.06,1.33,30.33
2019-07-24,0.18,2.53,12.82,14.74,1.33,31.61
2019-07-25,0.18,2.53,12.88,14.8,1.33,31.73
2019-07-26,0.18,2.57,13.0,14.93,1.33,32.01
2019-07-27,0.18,2.5,12.64,14.53,1.32,31.18
2019-07-28,0.18,2.44,12.47,14.34,1.33,30.76
2019-07-29,0.17,2.53,12.83,14.75,1.33,31.61
2019-07-30,0.18,2.53,12.89,14.81,1.33,31.73
2019-07-31,0.18,2.53,12.82,14.74,1.33,31.6
2019-08-01,0.18,2.53,12.15,14.44,1.33,30.64
2019-08-02,0.18,2.57,11.45,13.6,1.33,29.13
2019-08-03,0.18,2.5,11.18,13.29,1.33,28.49
2019-08-04,0.18,2.44,11.01,13.09,1.33,28.05
2019-08-05,0.18,2.53,11.53,13.71,1.33,29.28
2019-08-06,0.18,2.53,12.07,14.35,1.33,30.46
2019-08-07,0.18,2.53,11.98,14.24,1.33,30.27
2019-08-08,0.18,2.53,12.07,14.35,1.34,30.47
2019-08-09,0.16,2.57,11.98,14.24,1.33,30.28
2019-08-10,0.14,2.5,11.06,13.14,1.33,28.17
2019-08-11,0.17,2.44,10.11,12.01,1.33,26.05
2019-08-12,0.18,2.53,10.8,12.83,1.33,27.67
2019-08-13,0.18,2.53,11.53,13.7,1.33,29.27
2019-08-14,0.19,2.53,12.02,14.29,1.33,30.35
2019-08-15,0.18,2.53,11.56,13.74,1.33,29.35
2019-08-16,0.18,2.57,11.4,13.55,1.33,29.04
2019-08-17,0.18,2.5,11.35,13.48,1.33,28.85
2019-08-18,0.18,2.44,11.11,13.2,1.33,28.26
2019-08-19,0.18,2.53,11.8,14.02,1.33,29.85
2019-08-20,0.18,2.53,11.84,14.07,1.34,29.97
2019-08-21,0.18,2.53,12.11,14.4,1.34,30.56
2019-08-22,0.18,2.53,12.2,14.5,1.34,30.76
2019-08-23,0.18,2.57,12.49,14.85,1.34,31.43
2019-08-24,0.17,2.5,12.24,14.54,1.34,30.8
2019-08-25,0.18,2.44,11.43,13.58,1.33,28.95
2019-08-26,0.18,2.53,11.93,14.18,1.34,30.15
2019-08-27,0.18,2.53,12.31,14.63,1.33,30.98
2019-08-28,0.18,2.53,11.85,14.08,1.34,29.98
2019-08-29,0.18,2.53,11.29,13.41,1.34,28.75
2019-08-30,0.18,2.57,11.31,13.44,1.35,28.85
2019-08-31,0.18,2.5,10.8,12.83,1.35,27.66
2019-09-01,0.18,2.44,11.64,11.98,1.39,27.62
2019-09-02,0.17,2.53,12.13,12.48,1.39,28.69
2019-09-03,0.18,2.53,12.27,12.63,1.38,28.99
2019-09-04,0.17,2.53,12.23,12.58,1.38,28.89
2019-09-05,0.17,2.53,12.55,12.91,1.38,29.54
2019-09-06,0.17,2.57,12.89,13.26,1.38,30.28
2019-09-07,0.17,2.5,12.72,13.09,1.38,29.87
2019-09-08,0.18,2.44,12.89,13.27,1.38,30.15
2019-09-09,0.17,2.53,13.28,13.66,1.41,31.05
2019-09-10,0.17,2.53,13.19,13.57,1.44,30.9
2019-09-11,0.17,2.53,12.74,13.11,1.43,29.99
2019-09-12,0.18,2.53,12.89,13.26,1.44,30.3
2019-09-13,0.16,2.57,11.23,11.56,1.47,27.0
2019-09-14,0.16,2.5,11.84,12.18,1.47,28.15
2019-09-15,0.17,2.44,11.94,12.29,1.47,28.32
2019-09-16,0.18,2.53,12.04,12.38,1.49,28.62
2019-09-17,0.17,2.53,11.84,12.19,1.51,28.24
2019-09-18,0.17,2.53,11.54,11.87,1.54,27.65
2019-09-19,0.17,2.53,11.76,12.1,1.53,28.1
2019-09-20,0.18,2.57,11.83,12.17,1.5,28.25
2019-09-21,0.18,2.5,11.4,11.72,1.51,27.31
2019-09-22,0.17,2.44,10.93,11.25,1.48,26.27
2019-09-23,0.17,2.53,11.51,11.84,1.46,27.52
2019-09-24,0.17,2.53,11.71,12.05,1.49,27.95
2019-09-25,0.18,2.53,11.56,11.89,1.47,27.62
2019-09-26,0.18,2.53,11.44,11.77,1.45,27.37
2019-09-27,0.18,2.57,11.54,11.87,1.44,27.59
2019-09-28,0.18,2.5,11.2,11.52,1.42,26.82
2019-09-29,0.18,2.44,11.16,11.49,1.44,26.71
2019-09-30,0.18,2.53,10.3,10.59,1.41,25.01
2019-10-01,0.16,2.53,9.43,9.45,1.36,22.93
2019-10-02,0.18,2.53,9.86,9.88,1.38,23.84
2019-10-03,0.17,2.53,10.49,10.51,1.51,25.21
2019-10-04,0.17,2.57,11.1,11.12,1.74,26.71
2019-10-05,0.18,2.5,11.47,11.49,1.8,27.43
2019-10-06,0.18,2.44,11.56,11.59,1.84,27.6
2019-10-07,0.18,2.53,11.42,11.44,1.69,27.25
2019-10-08,0.18,2.53,11.58,11.6,1.68,27.56
2019-10-09,0.18,2.53,11.58,11.6,1.57,27.46
2019-10-10,0.17,2.53,12.02,12.04,1.6,28.37
2019-10-11,0.17,2.57,12.53,12.55,1.64,29.46
2019-10-12,0.17,2.5,12.1,12.12,1.69,28.58
2019-10-13,0.17,2.44,11.59,11.61,1.85,27.67
2019-10-14,0.17,2.53,11.31,11.34,2.08,27.43
2019-10-15,0.17,2.53,11.84,11.86,2.06,28.47
2019-10-16,0.17,2.53,12.36,12.38,2.03,29.48
2019-10-17,0.17,2.53,12.15,12.18,1.93,28.97
2019-10-18,0.18,2.57,11.92,11.94,1.83,28.43
2019-10-19,0.18,2.5,11.48,11.51,1.67,27.34
2019-10-20,0.18,2.44,10.97,10.99,1.69,26.26
2019-10-21,0.18,2.53,11.78,11.8,1.74,28.02
2019-10-22,0.17,2.57,11.94,11.97,1.74,28.4
2019-10-23,0.18,2.57,11.96,11.98,1.73,28.42
2019-10-24,0.17,2.58,11.74,11.77,1.89,28.16
2019-10-25,0.18,2.63,11.89,11.91,2.29,28.9
2019-10-26,0.17,2.58,11.43,11.45,2.31,27.94
2019-10-27,0.17,2.49,10.88,10.9,2.1,26.55
2019-10-28,0.17,2.58,10.95,10.97,2.12,26.79
2019-10-29,0.17,2.57,11.39,11.41,2.06,27.61
2019-10-30,0.17,2.56,11.13,11.15,1.83,26.85
2019-10-31,0.17,2.57,11.64,11.66,1.82,27.86
2019-11-01,0.17,2.61,11.03,11.69,1.88,27.38
2019-11-02,0.18,2.56,11.33,12.01,1.97,28.04
2019-11-03,0.18,2.46,10.68,11.31,2.15,26.78
2019-11-04,0.17,2.55,10.93,11.58,2.2,27.43
2019-11-05,0.17,2.56,11.17,11.84,2.21,27.96
2019-11-06,0.17,2.56,11.53,12.22,2.24,28.72
2019-11-07,0.17,2.56,11.58,12.27,2.36,28.94
2019-11-08,0.17,2.62,11.73,12.43,2.37,29.33
2019-11-09,0.17,2.55,11.41,12.09,2.2,28.43
2019-11-10,0.17,2.47,11.04,11.7,2.18,27.56
2019-11-11,0.17,2.58,11.56,12.25,2.07,28.63
2019-11-12,0.17,2.56,11.66,12.35,2.04,28.78
2019-11-13,0.17,2.57,11.51,12.19,2.67,29.12
2019-11-14,0.17,2.58,11.84,12.54,2.61,29.74
2019-11-15,0.17,2.63,12.39,13.13,2.46,30.78
2019-11-16,0.17,2.55,11.98,12.7,2.3,29.7
2019-11-17,0.17,2.5,11.8,12.5,2.68,29.65
2019-11-18,0.17,2.6,12.24,12.97,3.31,31.3
2019-11-19,0.17,2.59,12.6,13.35,3.15,31.87
2019-11-20,0.17,2.58,13.3,14.09,2.87,33.02
2019-11-21,0.17,2.57,13.02,13.8,2.65,32.2
2019-11-22,0.17,2.62,12.6,13.35,2.28,31.03
2019-11-23,0.17,2.55,12.68,13.43,2.29,31.13
2019-11-24,0.17,2.49,11.91,12.62,3.03,30.23
2019-11-25,0.17,2.61,13.06,13.84,3.5,33.17
2019-11-26,0.17,2.6,13.55,14.35,3.27,33.94
2019-11-27,0.17,2.62,13.73,14.55,3.46,34.52
2019-11-28,0.17,2.58,13.78,14.6,3.53,34.66
2019-11-29,0.17,2.62,14.25,15.09,3.36,35.49
2019-11-30,0.17,2.57,13.8,14.62,3.32,34.47
2019-12-01,0.17,2.46,10.67,13.73,3.49,30.54
2019-12-02,0.17,2.58,10.95,14.08,3.67,31.45
2019-12-03,0.17,2.58,11.13,14.32,3.49,31.7
2019-12-04,0.17,2.58,11.32,14.57,3.47,32.11
2019-12-05,0.17,2.59,11.57,14.89,3.63,32.84
2019-12-06,0.17,2.62,11.66,15.01,3.71,33.17
2019-12-07,0.17,2.55,11.43,14.71,3.65,32.52
2019-12-08,0.17,2.47,10.87,13.98,3.4,30.88
2019-12-09,0.16,2.58,11.37,14.63,3.25,31.99
2019-12-10,0.16,2.58,11.4,14.67,3.19,31.99
2019-12-11,0.16,2.58,11.45,14.73,3.33,32.24
2019-12-12,0.17,2.58,11.62,14.96,3.24,32.57
2019-12-13,0.17,2.62,11.41,14.68,3.06,31.93
2019-12-14,0.17,2.53,11.24,14.46,3.07,31.47
2019-12-15,0.17,2.46,11.29,14.53,2.92,31.37
2019-12-16,0.16,2.59,11.19,14.4,2.86,31.2
2019-12-17,0.17,2.6,11.64,14.98,3.26,32.65
2019-12-18,0.17,2.61,12.1,15.58,3.68,34.14
2019-12-19,0.17,2.58,12.12,15.6,3.8,34.27
2019-12-20,0.17,2.64,11.93,15.36,3.68,33.78
2019-12-21,0.17,2.58,11.95,15.37,3.55,33.62
2019-12-22,0.17,2.43,11.91,15.33,3.49,33.33
2019-12-23,0.17,2.59,12.12,15.6,3.52,34.01
2019-12-24,0.17,2.61,12.05,15.5,3.38,33.72
2019-12-25,0.17,2.61,11.89,15.3,3.4,33.36
2019-12-26,0.17,2.58,11.7,15.06,3.81,33.31
2019-12-27,0.17,2.62,11.78,15.15,3.71,33.43
2019-12-28,0.17,2.51,11.62,14.95,3.4,32.65
2019-12-29,0.16,2.38,11.36,14.62,3.33,31.86
2019-12-30,0.17,2.6,11.23,14.45,3.82,32.27
2019-12-31,0.17,2.65,11.69,15.04,4.01,33.56
2020-01-01,0.17,2.34,10.48,14.63,3.69,31.31
2020-01-02,0.18,2.55,11.24,15.69,3.47,33.12
2020-01-03,0.18,2.61,11.23,15.68,3.38,33.08
2020-01-04,0.18,2.44,11.1,15.49,3.28,32.48
2020-01-05,0.17,2.36,10.71,14.94,3.2,31.38
2020-01-06,0.17,2.58,10.87,15.17,3.19,31.98
2020-01-07,0.18,2.6,10.7,14.94,3.5,31.91
2020-01-08,0.16,2.6,10.87,15.17,3.66,32.46
2020-01-09,0.17,2.6,11.25,15.7,3.67,33.39
2020-01-10,0.18,2.65,10.92,15.24,3.66,32.66
2020-01-11,0.19,2.57,10.76,15.01,3.85,32.38
2020-01-12,0.19,2.48,10.33,14.42,3.88,31.3
2020-01-13,0.19,2.61,10.66,14.88,3.86,32.19
2020-01-14,0.19,2.61,10.48,14.63,3.94,31.85
2020-01-15,0.19,2.63,10.74,14.99,3.88,32.44
2020-01-16,0.19,2.62,10.69,14.91,3.87,32.28
2020-01-17,0.19,2.64,10.24,14.3,3.89,31.26
2020-01-18,0.19,2.34,9.54,13.31,3.78,29.17
2020-01-19,0.19,2.16,9.1,12.7,3.72,27.86
2020-01-20,0.19,2.43,8.87,12.38,3.6,27.48
2020-01-21,0.19,2.38,8.5,11.87,3.38,26.32
2020-01-22,0.19,2.12,8.38,11.7,3.34,25.74
2020-01-23,0.19,1.64,8.06,11.25,3.35,24.48
2020-01-24,0.16,0.98,7.96,11.12,3.58,23.8
2020-01-25,0.16,0.82,7.59,10.6,3.71,22.87
2020-01-26,0.16,0.72,7.44,10.38,3.8,22.5
2020-01-27,0.16,0.9,7.6,10.61,3.8,23.07
2020-01-28,0.14,0.91,7.63,10.65,3.76,23.1
2020-01-29,0.12,0.85,7.31,10.2,3.77,22.25
2020-01-30,0.11,0.87,7.27,10.14,3.78,22.17
2020-01-31,0.09,0.8,7.01,9.78,3.56,21.24
2020-02-01,0.08,0.81,6.94,9.69,3.5,21.03
2020-02-02,0.08,0.86,6.96,9.72,3.61,21.23
2020-02-03,0.06,0.95,6.82,9.52,3.71,21.06
2020-02-04,0.05,0.86,6.9,9.63,3.73,21.18
2020-02-05,0.05,1.13,7.01,9.79,3.81,21.79
2020-02-06,0.05,1.19,7.23,10.09,3.85,22.42
2020-02-07,0.05,1.03,7.17,10.01,3.7,21.96
2020-02-08,0.06,1.02,6.76,9.43,3.63,20.9
2020-02-09,0.08,0.9,6.42,8.96,3.39,19.74
2020-02-10,0.05,1.06,6.64,9.27,3.09,20.11
2020-02-11,0.03,1.02,6.56,9.16,2.91,19.68
2020-02-12,0.03,1.0,6.49,9.06,2.73,19.32
2020-02-13,0.03,1.05,6.35,8.86,2.61,18.91
2020-02-14,0.03,1.36,6.5,9.06,3.14,20.1
2020-02-15,0.04,1.19,6.42,8.97,3.94,20.55
2020-02-16,0.04,0.98,6.54,9.12,4.03,20.71
2020-02-17,0.03,1.31,6.74,9.4,3.75,21.23
2020-02-18,0.03,1.17,6.85,9.57,3.41,21.03
2020-02-19,0.04,1.12,7.14,9.97,3.24,21.51
2020-02-20,0.04,1.15,6.84,9.55,3.05,20.63
2020-02-21,0.04,1.27,6.8,9.5,3.01,20.61
2020-02-22,0.04,0.99,6.8,9.48,3.0,20.31
2020-02-23,0.05,0.89,6.52,9.1,2.6,19.17
2020-02-24,0.05,1.58,6.98,9.74,2.49,20.84
2020-02-25,0.05,1.43,7.23,10.09,2.62,21.42
2020-02-26,0.06,1.45,7.39,10.31,2.84,22.05
2020-02-27,0.06,1.46,7.35,10.25,3.01,22.12
2020-02-28,0.07,1.61,7.63,10.65,2.96,22.92
2020-02-29,0.07,1.13,7.66,10.69,2.89,22.44
2020-03-01,0.09,1.02,9.21,10.17,2.87,23.36
2020-03-02,0.08,1.95,9.72,10.73,3.0,25.47
2020-03-03,0.07,1.88,9.75,10.76,3.06,25.51
2020-03-04,0.07,1.85,9.79,10.81,3.18,25.69
2020-03-05,0.07,1.82,9.42,10.39,2.9,24.6
2020-03-06,0.07,1.95,10.0,11.04,2.61,25.67
2020-03-07,0.06,1.32,9.5,10.49,2.41,23.79
2020-03-08,0.07,1.23,9.28,10.24,2.41,23.22
2020-03-09,0.06,2.16,9.99,11.03,2.73,25.97
2020-03-10,0.06,2.03,9.79,10.81,2.8,25.49
2020-03-11,0.07,2.01,9.71,10.72,2.46,24.97
2020-03-12,0.06,2.02,9.65,10.65,2.49,24.87
2020-03-13,0.07,2.11,9.87,10.9,2.73,25.68
2020-03-14,0.07,1.54,9.76,10.78,2.53,24.68
2020-03-15,0.08,1.48,9.64,10.65,2.39,24.24
2020-03-16,0.07,2.21,10.07,11.12,2.35,25.82
2020-03-17,0.07,2.14,9.96,11.0,2.09,25.26
2020-03-18,0.08,2.16,9.5,10.49,1.88,24.1
2020-03-19,0.07,2.16,9.85,10.87,2.09,25.04
2020-03-20,0.08,2.16,10.04,11.09,1.76,25.13
2020-03-21,0.07,1.73,10.13,11.18,1.88,24.99
2020-03-22,0.08,1.54,9.81,10.83,1.96,24.21
2020-03-23,0.07,2.27,10.47,11.56,1.9,26.28
2020-03-24,0.07,2.22,10.21,11.27,1.77,25.53
2020-03-25,0.07,2.23,9.89,10.92,1.72,24.84
2020-03-26,0.07,2.11,10.53,11.63,2.26,26.61
2020-03-27,0.07,2.2,10.32,11.4,2.7,26.7
2020-03-28,0.07,1.55,10.45,11.54,2.78,26.39
2020-03-29,0.08,1.41,10.59,11.69,2.71,26.49
2020-03-30,0.07,2.23,10.79,11.91,2.47,27.47
2020-03-31,0.08,2.19,10.74,11.86,2.38,27.24
2020-04-01,0.07,2.16,12.64,11.98,2.44,29.28
2020-04-02,0.07,2.21,12.72,12.06,2.41,29.47
2020-04-03,0.08,2.32,12.49,11.84,2.31,29.03
2020-04-04,0.05,1.39,10.93,10.36,2.37,25.12
2020-04-05,0.06,1.39,11.8,11.18,2.32,26.75
2020-04-06,0.08,1.57,12.33,11.69,2.15,27.82
2020-04-07,0.07,2.25,12.54,11.89,2.05,28.8
2020-04-08,0.08,2.26,12.54,11.89,1.98,28.75
2020-04-09,0.07,2.24,12.29,11.65,2.12,28.38
2020-04-10,0.09,2.31,12.5,11.84,2.3,29.03
2020-04-11,0.07,1.76,11.97,11.35,2.34,27.49
2020-04-12,0.09,1.62,11.64,11.03,2.09,26.45
2020-04-13,0.08,2.32,12.42,11.78,1.85,28.46
2020-04-14,0.08,2.25,12.66,12.0,1.7,28.68
2020-04-15,0.08,2.27,12.03,11.4,1.56,27.35
2020-04-16,0.08,2.26,11.78,11.17,1.66,26.94
2020-04-17,0.09,2.31,12.29,11.65,1.71,28.04
2020-04-18,0.08,1.8,12.33,11.69,1.87,27.77
2020-04-19,0.09,1.55,11.34,10.75,1.85,25.58
2020-04-20,0.08,2.36,11.87,11.25,2.06,27.63
2020-04-21,0.08,2.29,12.35,11.71,2.3,28.73
2020-04-22,0.08,2.3,12.04,11.41,2.3,28.13
2020-04-23,0.08,2.25,11.92,11.3,2.23,27.78
2020-04-24,0.08,2.34,11.7,11.09,1.83,27.05
2020-04-25,0.08,1.86,11.76,11.15,1.8,26.66
2020-04-26,0.09,2.12,12.21,11.58,1.75,27.75
2020-04-27,0.08,2.38,12.41,11.77,1.68,28.31
2020-04-28,0.09,2.36,11.85,11.23,1.51,27.04
2020-04-29,0.09,2.39,12.38,11.74,1.46,28.06
2020-04-30,0.11,2.52,12.2,11.56,1.44,27.83
2020-05-01,0.1,1.96,10.81,10.28,1.36,24.51
2020-05-02,0.08,1.77,10.92,10.39,1.37,24.53
2020-05-03,0.08,1.7,11.93,11.35,1.49,26.55
2020-05-04,0.09,1.83,12.77,12.15,1.6,28.45
2020-05-05,0.12,1.91,12.77,12.14,1.47,28.41
2020-05-06,0.11,2.4,12.76,12.14,1.42,28.83
2020-05-07,0.1,2.42,13.06,12.42,1.46,29.45
2020-05-08,0.11,2.44,13.02,12.39,1.6,29.56
2020-05-09,0.1,2.36,13.36,12.71,1.59,30.12
2020-05-10,0.11,1.9,12.39,11.79,1.45,27.65
2020-05-11,0.11,2.43,11.93,11.35,1.49,27.31
2020-05-12,0.1,2.4,12.27,11.68,1.46,27.91
2020-05-13,0.11,2.37,12.54,11.93,1.41,28.36
2020-05-14,0.1,2.38,12.87,12.25,1.37,28.98
2020-05-15,0.11,2.46,13.11,12.47,1.39,29.54
2020-05-16,0.11,2.07,12.81,12.18,1.4,28.56
2020-05-17,0.12,1.87,12.19,11.6,1.44,27.21
2020-05-18,0.11,2.44,12.26,11.66,1.44,27.91
2020-05-19,0.11,2.39,13.19,12.55,1.42,29.65
2020-05-20,0.11,2.45,13.47,12.81,1.39,30.24
2020-05-21,0.11,2.42,12.79,12.16,1.39,28.87
2020-05-22,0.12,2.46,12.99,12.36,1.4,29.34
2020-05-23,0.11,2.05,12.97,12.34,1.43,28.9
2020-05-24,0.12,1.94,12.75,12.13,1.43,28.38
2020-05-25,0.12,2.53,13.07,12.43,1.46,29.6
2020-05-26,0.11,2.49,12.91,12.28,1.45,29.25
2020-05-27,0.12,2.46,12.82,12.2,1.43,29.03
2020-05-28,0.12,2.48,12.69,12.07,1.39,28.73
2020-05-29,0.13,2.56,12.41,11.81,1.35,28.26
2020-05-30,0.11,2.26,12.25,11.65,1.38,27.66
2020-05-31,0.13,2.11,12.02,11.43,1.37,27.05
2020-06-01,0.12,2.53,11.74,11.65,1.42,27.46
2020-06-02,0.12,2.49,12.16,12.07,1.41,28.25
2020-06-03,0.12,2.5,12.36,12.26,1.4,28.65
2020-06-04,0.12,2.49,13.07,12.97,1.4,30.06
2020-06-05,0.13,2.58,13.26,13.16,1.38,30.52
2020-06-06,0.12,2.28,12.35,12.26,1.38,28.4
2020-06-07,0.13,2.07,11.93,11.84,1.39,27.37
2020-06-08,0.13,2.52,12.68,12.59,1.41,29.33
2020-06-09,0.13,2.51,13.23,13.13,1.38,30.37
2020-06-10,0.13,2.52,13.24,13.14,1.38,30.41
2020-06-11,0.13,2.49,13.43,13.33,1.39,30.76
2020-06-12,0.14,2.58,13.43,13.33,1.38,30.87
2020-06-13,0.13,2.25,13.35,13.25,1.39,30.37
2020-06-14,0.14,1.93,12.82,12.73,1.39,29.0
2020-06-15,0.13,2.54,13.46,13.35,1.39,30.86
2020-06-16,0.12,2.49,13.15,13.05,1.39,30.21
2020-06-17,0.13,2.45,13.05,12.95,1.39,29.97
2020-06-18,0.12,2.49,12.88,12.78,1.38,29.65
2020-06-19,0.13,2.47,12.64,12.55,1.37,29.16
2020-06-20,0.12,2.1,11.98,11.89,1.37,27.47
2020-06-21,0.13,1.94,11.76,11.67,1.38,26.89
2020-06-22,0.12,2.44,12.66,12.56,1.39,29.16
2020-06-23,0.12,2.48,12.82,12.73,1.38,29.54
2020-06-24,0.13,2.57,12.56,12.46,1.38,29.1
2020-06-25,0.11,2.02,11.09,11.01,1.38,25.61
2020-06-26,0.11,1.91,11.98,11.88,1.38,27.26
2020-06-27,0.13,1.95,12.8,12.7,1.37,28.95
2020-06-28,0.13,2.45,12.74,12.65,1.38,29.34
2020-06-29,0.13,2.46,12.62,12.53,1.38,29.12
2020-06-30,0.14,2.46,12.92,12.82,1.38,29.72
2020-07-01,0.13,2.43,12.01,13.06,1.33,28.97
2020-07-02,0.13,2.48,11.79,12.81,1.33,28.55
2020-07-03,0.14,2.5,11.67,12.68,1.33,28.33
2020-07-04,0.14,2.11,11.31,12.3,1.33,27.19
2020-07-05,0.15,2.0,10.91,11.86,1.33,26.25
2020-07-06,0.14,2.53,11.85,12.88,1.33,28.73
2020-07-07,0.14,2.45,12.39,13.47,1.32,29.77
2020-07-08,0.15,2.46,12.3,13.36,1.32,29.59
2020-07-09,0.15,2.49,12.07,13.12,1.33,29.16
2020-07-10,0.16,2.55,11.78,12.8,1.33,28.62
2020-07-11,0.15,2.27,11.61,12.62,1.34,27.98
2020-07-12,0.16,2.07,11.22,12.2,1.33,26.98
2020-07-13,0.15,2.51,11.89,12.92,1.33,28.81
2020-07-14,0.15,2.47,12.36,13.43,1.33,29.73
2020-07-15,0.17,2.53,12.04,13.08,1.32,29.15
2020-07-16,0.17,2.48,11.9,12.93,1.33,28.81
2020-07-17,0.16,2.54,11.91,12.94,1.33,28.89
2020-07-18,0.16,2.29,11.81,12.83,1.34,28.44
2020-07-19,0.17,2.15,11.47,12.46,1.33,27.58
2020-07-20,0.17,2.5,11.8,12.82,1.33,28.62
2020-07-21,0.16,2.48,12.01,13.05,1.33,29.03
2020-07-22,0.17,2.49,12.19,13.25,1.33,29.43
2020-07-23,0.17,2.48,12.59,13.68,1.33,30.25
2020-07-24,0.18,2.54,12.8,13.91,1.33,30.76
2020-07-25,0.17,2.33,12.6,13.69,1.33,30.13
2020-07-26,0.17,2.22,11.77,12.79,1.33,28.28
2020-07-27,0.17,2.5,12.33,13.4,1.33,29.72
2020-07-28,0.17,2.49,12.67,13.77,1.33,30.43
2020-07-29,0.16,2.48,13.03,14.16,1.33,31.16
2020-07-30,0.17,2.47,13.13,14.27,1.33,31.37
2020-07-31,0.18,2.54,13.03,14.16,1.33,31.24
2020-08-01,0.17,2.37,11.6,13.66,1.33,29.12
2020-08-02,0.18,2.14,11.54,13.59,1.32,28.77
2020-08-03,0.17,2.5,12.62,14.86,1.33,31.47
2020-08-04,0.16,2.48,12.67,14.92,1.32,31.55
2020-08-05,0.17,2.5,12.75,15.01,1.32,31.76
2020-08-06,0.17,2.47,12.85,15.13,1.32,31.95
2020-08-07,0.18,2.54,12.72,14.98,1.33,31.75
2020-08-08,0.18,2.34,12.37,14.57,1.33,30.78
2020-08-09,0.18,2.24,12.28,14.47,1.33,30.5
2020-08-10,0.18,2.5,12.86,15.14,1.33,32.0
2020-08-11,0.17,2.49,13.09,15.41,1.33,32.5
2020-08-12,0.17,2.45,12.66,14.91,1.33,31.52
2020-08-13,0.17,2.49,12.48,14.7,1.33,31.16
2020-08-14,0.18,2.55,12.92,15.21,1.34,32.19
2020-08-15,0.18,2.37,12.82,15.1,1.33,31.79
2020-08-16,0.17,2.22,12.59,14.82,1.34,31.15
2020-08-17,0.18,2.5,13.38,15.75,1.36,33.17
2020-08-18,0.18,2.51,13.25,15.6,1.36,32.89
2020-08-19,0.17,2.48,12.64,14.88,1.35,31.52
2020-08-20,0.18,2.5,11.99,14.11,1.34,30.12
2020-08-21,0.19,2.53,11.8,13.9,1.33,29.75
2020-08-22,0.19,2.36,11.76,13.85,1.33,29.49
2020-08-23,0.19,2.2,11.8,13.9,1.35,29.44
2020-08-24,0.19,2.52,12.37,14.56,1.33,30.97
2020-08-25,0.18,2.56,12.66,14.9,1.33,31.63
2020-08-26,0.18,2.51,12.15,14.31,1.33,30.49
2020-08-27,0.18,2.48,11.78,13.87,1.33,29.65
2020-08-28,0.18,2.57,12.0,14.13,1.34,30.22
2020-08-29,0.18,2.38,11.97,14.09,1.36,29.97
2020-08-30,0.18,2.17,11.83,13.93,1.37,29.47
2020-08-31,0.18,2.53,12.2,14.37,1.35,30.63
2020-09-01,0.17,2.51,14.85,14.18,1.39,33.11
2020-09-02,0.17,2.5,14.38,13.74,1.4,32.19
2020-09-03,0.17,2.52,13.85,13.22,1.41,31.17
2020-09-04,0.18,2.58,13.71,13.09,1.39,30.95
2020-09-05,0.18,2.37,13.44,12.84,1.39,30.23
2020-09-06,0.18,2.25,13.5,12.9,1.39,30.22
2020-09-07,0.17,2.54,13.9,13.28,1.39,31.29
2020-09-08,0.17,2.51,13.84,13.22,1.39,31.13
2020-09-09,0.18,2.53,14.26,13.62,1.41,32.0
2020-09-10,0.19,2.55,13.64,13.03,1.42,30.82
2020-09-11,0.19,2.58,13.18,12.59,1.42,29.95
2020-09-12,0.19,2.39,13.12,12.53,1.42,29.65
2020-09-13,0.19,2.26,12.82,12.25,1.44,28.97
2020-09-14,0.19,2.57,13.49,12.88,1.44,30.57
2020-09-15,0.19,2.58,13.1,12.51,1.45,29.82
2020-09-16,0.19,2.55,12.8,12.23,1.47,29.24
2020-09-17,0.19,2.58,13.47,12.87,1.5,30.6
2020-09-18,0.19,2.6,13.06,12.48,1.48,29.82
2020-09-19,0.19,2.41,12.82,12.24,1.48,29.13
2020-09-20,0.19,2.31,12.45,11.89,1.5,28.35
2020-09-21,0.19,2.55,11.88,11.35,1.52,27.49
2020-09-22,0.19,2.54,11.82,11.29,1.53,27.37
2020-09-23,0.19,2.57,11.58,11.06,1.52,26.92
2020-09-24,0.19,2.55,12.11,11.57,1.48,27.9
2020-09-25,0.2,2.6,12.47,11.91,1.48,28.66
2020-09-26,0.2,2.43,12.18,11.63,1.48,27.91
2020-09-27,0.2,2.53,11.93,11.4,1.47,27.53
2020-09-28,0.19,2.55,11.95,11.41,1.52,27.63
2020-09-29,0.12,2.6,11.45,10.93,1.62,26.72
2020-09-30,0.2,2.65,11.06,10.57,1.59,26.06
2020-10-01,0.2,2.14,11.67,10.44,1.55,25.99
2020-10-02,0.19,2.04,9.35,8.37,1.66,21.62
2020-10-03,0.19,1.97,9.42,8.42,1.69,21.69
2020-10-04,0.19,1.91,10.48,9.37,1.94,23.9
2020-10-05,0.19,2.08,10.62,9.5,2.05,24.44
2020-10-06,0.2,2.12,11.7,10.47,1.95,26.44
2020-10-07,0.2,2.18,12.13,10.85,1.81,27.17
2020-10-08,0.2,2.16,12.26,10.96,1.68,27.26
2020-10-09,0.2,2.48,11.63,10.4,1.62,26.33
2020-10-10,0.19,2.54,12.3,11.0,1.56,27.59
2020-10-11,0.19,2.2,13.07,11.69,1.71,28.87
2020-10-12,0.19,2.52,12.62,11.28,1.83,28.43
2020-10-13,0.18,2.48,13.04,11.67,1.84,29.21
2020-10-14,0.19,2.48,13.32,11.91,2.03,29.93
2020-10-15,0.19,2.51,12.96,11.59,2.0,29.25
2020-10-16,0.19,2.58,13.74,12.29,2.1,30.9
2020-10-17,0.18,2.39,13.49,12.07,2.01,30.14
2020-10-18,0.19,2.28,12.93,11.56,2.02,28.98
2020-10-19,0.18,2.5,12.87,11.51,1.92,28.98
2020-10-20,0.18,2.48,13.09,11.71,1.8,29.26
2020-10-21,0.18,2.48,12.98,11.61,2.04,29.29
2020-10-22,0.18,2.49,13.5,12.07,2.13,30.38
2020-10-23,0.19,2.55,13.1,11.71,2.21,29.75
2020-10-24,0.17,2.41,13.2,11.8,2.02,29.6
2020-10-25,0.18,2.33,13.42,12.0,1.86,29.79
2020-10-26,0.19,2.5,13.46,12.03,1.77,29.94
2020-10-27,0.18,2.5,14.05,12.56,1.99,31.28
2020-10-28,0.18,2.51,14.47,12.94,2.09,32.18
2020-10-29,0.19,2.5,14.28,12.77,2.11,31.84
2020-10-30,0.19,2.56,14.34,12.82,1.97,31.89
2020-10-31,0.18,2.43,13.45,12.03,1.9,29.98
2020-11-01,0.19,2.36,10.93,11.48,2.11,27.07
2020-11-02,0.18,2.5,11.27,11.83,2.35,28.13
2020-11-03,0.18,2.49,11.42,12.0,2.5,28.6
2020-11-04,0.18,2.5,11.43,12.0,2.27,28.38
2020-11-05,0.18,2.51,12.03,12.64,2.07,29.43
2020-11-06,0.19,2.56,12.14,12.75,2.07,29.7
2020-11-07,0.19,2.41,12.26,12.87,2.14,29.87
2020-11-08,0.19,2.39,12.0,12.6,2.39,29.58
2020-11-09,0.19,2.53,11.76,12.35,2.46,29.29
2020-11-10,0.19,2.5,12.39,13.01,2.33,30.43
2020-11-11,0.18,2.51,12.56,13.19,2.14,30.58
2020-11-12,0.18,2.52,12.26,12.88,2.15,30.0
2020-11-13,0.18,2.53,12.62,13.25,2.21,30.8
2020-11-14,0.18,2.4,12.44,13.07,2.2,30.3
2020-11-15,0.19,2.37,12.38,13.01,2.11,30.06
2020-11-16,0.19,2.5,12.25,12.86,2.03,29.83
2020-11-17,0.19,2.5,12.32,12.94,2.03,29.97
2020-11-18,0.19,2.52,13.08,13.74,2.23,31.77
2020-11-19,0.18,2.49,12.7,13.34,2.57,31.28
2020-11-20,0.19,2.54,13.49,14.17,2.8,33.18
2020-11-21,0.18,2.4,13.84,14.54,3.05,34.01
2020-11-22,0.19,2.38,14.21,14.92,3.37,35.08
2020-11-23,0.19,2.53,13.38,14.05,3.41,33.56
2020-11-24,0.19,2.54,14.65,15.38,3.29,36.04
2020-11-25,0.19,2.55,15.66,16.45,3.13,37.97
2020-11-26,0.19,2.54,15.95,16.75,3.21,38.64
2020-11-27,0.19,2.56,16.06,16.86,3.35,39.02
2020-11-28,0.19,2.38,15.8,16.6,3.56,38.52
2020-11-29,0.19,2.39,16.24,17.06,3.52,39.4
2020-11-30,0.19,2.52,15.31,16.08,3.48,37.59
2020-12-01,0.19,2.51,11.49,14.98,3.41,32.57
2020-12-02,0.19,2.5,11.62,15.14,3.53,32.98
2020-12-03,0.19,2.53,12.07,15.73,3.73,34.25
2020-12-04,0.19,2.56,12.02,15.67,3.78,34.23
2020-12-05,0.19,2.42,12.37,16.12,3.62,34.72
2020-12-06,0.19,2.4,11.69,15.23,3.39,32.91
2020-12-07,0.19,2.5,12.36,16.1,3.59,34.74
2020-12-08,0.19,2.48,12.1,15.77,3.51,34.04
2020-12-09,0.19,2.47,12.42,16.19,3.31,34.58
2020-12-10,0.18,2.46,11.67,15.21,3.3,32.82
2020-12-11,0.19,2.52,12.34,16.08,3.39,34.52
2020-12-12,0.18,2.35,12.25,15.97,3.4,34.14
2020-12-13,0.19,2.31,11.88,15.48,3.89,33.74
2020-12-14,0.18,2.51,12.67,16.51,4.34,36.21
2020-12-15,0.18,2.5,13.26,17.28,4.29,37.52
2020-12-16,0.18,2.5,12.63,16.46,4.16,35.94
2020-12-17,0.18,2.49,12.75,16.62,3.95,35.99
2020-12-18,0.19,2.55,12.73,16.58,4.03,36.09
2020-12-19,0.18,2.37,12.35,16.09,4.07,35.06
2020-12-20,0.19,2.33,12.58,16.39,3.99,35.48
2020-12-21,0.18,2.5,12.77,16.64,3.82,35.92
2020-12-22,0.18,2.49,13.0,16.94,3.49,36.09
2020-12-23,0.18,2.46,12.81,16.69,3.47,35.61
2020-12-24,0.18,2.5,12.61,16.43,3.62,35.34
2020-12-25,0.19,2.53,12.32,16.06,3.51,34.61
2020-12-26,0.18,2.24,12.4,16.16,3.39,34.38
2020-12-27,0.18,2.19,12.4,16.16,3.37,34.31
2020-12-28,0.18,2.48,13.1,17.06,3.43,36.25
2020-12-29,0.17,2.53,12.84,16.73,4.33,36.61
2020-12-30,0.18,2.5,13.34,17.39,4.75,38.16
2020-12-31,0.19,2.57,12.93,16.85,4.6,37.13
2021-01-01,0.17,2.04,12.16,17.71,4.34,36.43
2021-01-02,0.16,1.91,11.12,16.18,4.07,33.44
2021-01-03,0.18,2.12,11.72,17.06,3.97,35.06
2021-01-04,0.17,2.41,11.88,17.3,3.86,35.62
2021-01-05,0.16,2.44,11.7,17.04,4.11,35.46
2021-01-06,0.16,2.4,11.94,17.39,4.55,36.45
2021-01-07,0.16,2.42,12.75,18.56,5.05,38.94
2021-01-08,0.17,2.47,12.97,18.89,4.84,39.34
2021-01-09,0.16,2.1,12.77,18.6,4.47,38.1
2021-01-10,0.17,2.04,12.82,18.67,4.26,37.97
2021-01-11,0.16,2.42,12.74,18.55,4.28,38.15
2021-01-12,0.16,2.42,12.73,18.53,3.79,37.64
2021-01-13,0.16,2.4,12.69,18.47,3.59,37.32
2021-01-14,0.16,2.39,12.1,17.61,3.38,35.63
2021-01-15,0.17,2.44,11.86,17.26,3.58,35.31
2021-01-16,0.16,2.12,11.7,17.03,3.96,34.97
2021-01-17,0.16,1.97,11.26,16.39,4.06,33.84
2021-01-18,0.15,2.36,10.97,15.97,3.92,33.36
2021-01-19,0.14,2.37,10.97,15.97,3.65,33.11
2021-01-20,0.15,2.34,10.95,15.95,3.31,32.7
2021-01-21,0.14,2.33,11.16,16.25,3.25,33.13
2021-01-22,0.14,2.43,10.97,15.97,3.38,32.89
2021-01-23,0.12,1.98,10.87,15.83,3.38,32.18
2021-01-24,0.13,1.79,10.8,15.72,3.29,31.72
2021-01-25,0.12,2.36,10.68,15.56,3.36,32.08
2021-01-26,0.12,2.39,10.61,15.44,3.43,31.98
2021-01-27,0.13,2.28,10.39,15.13,3.44,31.38
2021-01-28,0.1,2.27,10.44,15.21,3.81,31.84
2021-01-29,0.1,2.31,10.21,14.86,3.6,31.07
2021-01-30,0.1,1.98,9.99,14.55,3.38,29.99
2021-01-31,0.1,1.83,9.72,14.15,3.2,29.01
2021-02-01,0.1,2.28,11.59,13.68,3.57,31.21
2021-02-02,0.09,2.24,11.48,13.55,3.72,31.08
2021-02-03,0.1,2.24,11.61,13.71,3.45,31.12
2021-02-04,0.1,2.24,11.44,13.51,3.26,30.55
2021-02-05,0.12,2.3,11.25,13.29,3.08,30.04
2021-02-06,0.12,1.99,11.01,13.01,2.99,29.12
2021-02-07,0.11,2.09,10.22,12.08,3.27,27.77
2021-02-08,0.12,2.07,9.69,11.44,3.51,26.82
2021-02-09,0.12,1.96,9.43,11.14,3.35,25.99
2021-02-10,0.11,1.7,8.84,10.44,3.12,24.21
2021-02-11,0.05,0.83,8.02,9.47,2.89,21.25
2021-02-12,0.03,1.25,7.52,8.88,2.76,20.45
2021-02-13,0.06,1.19,7.39,8.73,2.79,20.15
2021-02-14,0.08,1.21,7.28,8.6,2.96,20.12
2021-02-15,0.1,1.09,7.09,8.37,3.31,19.95
2021-02-16,0.13,1.05,7.05,8.33,3.43,20.01
2021-02-17,0.17,1.3,7.25,8.56,3.53,20.8
2021-02-18,0.15,1.62,7.44,8.79,3.22,21.22
2021-02-19,0.15,1.82,7.81,9.23,2.65,21.66
2021-02-20,0.15,1.93,7.88,9.31,2.34,21.61
2021-02-21,0.16,1.89,7.97,9.42,2.22,21.66
2021-02-22,0.16,2.23,8.11,9.58,2.63,22.71
2021-02-23,0.15,2.26,8.76,10.35,2.93,24.45
2021-02-24,0.16,2.27,8.92,10.53,3.0,24.87
2021-02-25,0.16,2.36,9.44,11.15,3.22,26.33
2021-02-26,0.17,2.45,9.67,11.42,3.27,26.97
2021-02-27,0.19,2.19,10.0,11.81,3.02,27.21
2021-02-28,0.19,1.89,10.26,12.12,3.11,27.58
2021-03-01,0.19,2.5,10.89,12.14,3.33,29.05
2021-03-02,0.19,2.47,11.77,13.12,3.1,30.64
2021-03-03,0.19,2.47,12.17,13.57,2.84,31.24
2021-03-04,0.19,2.47,12.57,14.01,2.56,31.79
2021-03-05,0.19,2.52,12.89,14.37,2.8,32.77
2021-03-06,0.19,2.35,13.43,14.98,3.21,34.15
2021-03-07,0.19,2.34,13.17,14.69,3.07,33.46
2021-03-08,0.19,2.51,13.25,14.78,2.8,33.53
2021-03-09,0.19,2.46,12.99,14.48,2.63,32.75
2021-03-10,0.19,2.47,13.13,14.64,2.49,32.91
2021-03-11,0.19,2.48,13.21,14.73,2.47,33.09
2021-03-12,0.2,2.51,12.87,14.35,2.39,32.32
2021-03-13,0.19,2.38,12.37,13.8,2.26,31.01
2021-03-14,0.2,2.32,12.1,13.49,2.02,30.12
2021-03-15,0.19,2.5,11.92,13.29,2.05,29.94
2021-03-16,0.19,2.49,11.96,13.33,2.33,30.31
2021-03-17,0.2,2.49,12.19,13.59,2.36,30.82
2021-03-18,0.2,2.46,12.44,13.87,2.51,31.48
2021-03-19,0.2,2.58,12.46,13.89,2.61,31.74
2021-03-20,0.2,2.38,12.36,13.78,2.7,31.42
2021-03-21,0.2,2.27,12.22,13.63,2.89,31.21
2021-03-22,0.2,2.5,11.96,13.33,2.54,30.53
2021-03-23,0.2,2.5,12.22,13.63,2.2,30.75
2021-03-24,0.2,2.49,12.23,13.63,2.0,30.55
2021-03-25,0.2,2.5,12.47,13.91,1.81,30.89
2021-03-26,0.2,2.57,12.53,13.97,1.93,31.19
2021-03-27,0.2,2.39,12.63,14.08,1.88,31.16
2021-03-28,0.21,2.27,12.57,14.02,1.74,30.8
2021-03-29,0.21,2.49,12.37,13.79,1.85,30.7
2021-03-30,0.2,2.5,12.55,14.0,1.84,31.09
2021-03-31,0.2,2.71,12.68,14.14,1.93,31.65
2021-04-01,0.2,2.5,14.2,13.52,2.06,32.47
2021-04-02,0.21,2.57,14.44,13.74,2.19,33.16
2021-04-03,0.2,2.39,14.08,13.4,2.4,32.47
2021-04-04,0.19,2.27,13.89,13.22,2.32,31.88
2021-04-05,0.21,2.49,13.39,12.74,2.2,31.04
2021-04-06,0.21,2.5,13.86,13.19,2.08,31.83
2021-04-07,0.21,1.63,13.87,13.2,2.18,31.09
2021-04-08,0.2,2.28,13.73,13.07,2.13,31.41
2021-04-09,0.21,2.43,13.56,12.9,2.02,31.12
2021-04-10,0.2,2.39,13.43,12.78,1.88,30.68
2021-04-11,0.21,2.27,13.39,12.74,1.94,30.56
2021-04-12,0.21,2.49,13.53,12.87,1.97,31.06
2021-04-13,0.21,2.45,13.64,12.98,2.19,31.47
2021-04-14,0.21,2.64,13.65,12.99,2.06,31.55
2021-04-15,0.2,2.28,13.56,12.9,1.87,30.81
2021-04-16,0.21,2.43,13.63,12.97,1.88,31.13
2021-04-17,0.21,2.01,13.56,12.9,2.01,30.68
2021-04-18,0.21,2.25,13.26,12.62,1.81,30.15
2021-04-19,0.21,2.47,13.36,12.72,1.63,30.39
2021-04-20,0.21,2.45,13.42,12.77,1.67,30.52
2021-04-21,0.21,2.58,13.56,12.9,1.67,30.92
2021-04-22,0.21,2.28,13.44,12.79,1.66,30.39
2021-04-23,0.21,2.43,13.35,12.71,1.72,30.42
2021-04-24,0.21,2.01,13.32,12.67,1.85,30.06
2021-04-25,0.21,2.25,13.44,12.79,1.89,30.59
2021-04-26,0.21,2.47,13.27,12.63,1.75,30.33
2021-04-27,0.21,2.45,13.16,12.52,1.69,30.03
2021-04-28,0.22,2.58,13.57,12.92,1.68,30.97
2021-04-29,0.22,2.28,13.32,12.68,1.64,30.14
2021-04-30,0.22,2.43,13.29,12.64,1.73,30.31
2021-05-01,0.22,2.01,11.43,10.83,1.6,26.09
2021-05-02,0.2,2.25,11.14,10.56,1.56,25.71
2021-05-03,0.2,2.47,11.5,10.91,1.57,26.65
2021-05-04,0.21,2.45,12.66,12.01,1.6,28.93
2021-05-05,0.22,2.58,12.53,11.88,1.49,28.71
2021-05-06,0.22,2.28,12.51,11.86,1.46,28.33
2021-05-07,0.21,2.43,12.53,11.88,1.48,28.54
2021-05-08,0.21,2.01,12.28,11.64,1.48,27.62
2021-05-09,0.21,2.25,12.52,11.87,1.44,28.29
2021-05-10,0.2,2.47,12.84,12.17,1.47,29.15
2021-05-11,0.2,2.45,13.24,12.55,1.41,29.84
2021-05-12,0.21,2.58,13.27,12.58,1.4,30.04
2021-05-13,0.2,2.28,13.38,12.69,1.38,29.92
2021-05-14,0.2,2.43,13.37,12.68,1.41,30.09
2021-05-15,0.18,2.01,13.71,13.0,1.56,30.46
2021-05-16,0.19,2.25,13.54,12.84,1.58,30.4
2021-05-17,0.2,2.47,13.73,13.02,1.42,30.84
2021-05-18,0.19,2.45,13.84,13.13,1.38,30.99
2021-05-19,0.18,2.58,13.68,12.97,1.39,30.8
2021-05-20,0.2,2.28,13.9,13.18,1.38,30.95
2021-05-21,0.19,2.43,13.97,13.25,1.36,31.2
2021-05-22,0.19,2.01,14.11,13.38,1.4,31.09
2021-05-23,0.19,2.25,14.16,13.43,1.47,31.51
2021-05-24,0.19,2.47,14.33,13.59,1.46,32.04
2021-05-25,0.19,2.45,14.02,13.3,1.41,31.37
2021-05-26,0.18,2.58,14.0,13.27,1.43,31.46
2021-05-27,0.19,2.28,14.15,13.41,1.39,31.42
2021-05-28,0.2,2.43,14.04,13.31,1.39,31.37
2021-05-29,0.19,2.01,14.06,13.33,1.37,30.95
2021-05-30,0.19,2.25,13.71,13.0,1.35,30.49
2021-05-31,0.18,2.47,13.79,13.07,1.37,30.87
2021-06-01,0.17,2.45,12.79,13.63,1.41,30.45
2021-06-02,0.17,2.58,12.31,13.12,1.44,29.62
2021-06-03,0.17,2.28,12.87,13.72,1.46,30.5
2021-06-04,0.18,2.43,12.77,13.61,1.42,30.41
2021-06-05,0.17,2.01,12.58,13.42,1.4,29.59
2021-06-06,0.18,2.25,12.62,13.45,1.39,29.89
2021-06-07,0.17,2.47,12.77,13.61,1.38,30.4
2021-06-08,0.16,2.45,12.94,13.8,1.39,30.74
2021-06-09,0.17,2.58,13.18,14.05,1.4,31.38
2021-06-10,0.17,2.28,13.64,14.54,1.38,32.01
2021-06-11,0.19,2.43,13.66,14.56,1.38,32.21
2021-06-12,0.18,2.01,13.16,14.03,1.37,30.75
2021-06-13,0.16,2.25,12.13,12.94,1.37,28.85
2021-06-14,0.17,2.47,11.75,12.53,1.38,28.31
2021-06-15,0.18,2.45,12.95,13.81,1.38,30.77
2021-06-16,0.18,2.58,13.54,14.44,1.41,32.15
2021-06-17,0.17,2.28,13.6,14.5,1.4,31.95
2021-06-18,0.18,2.43,13.82,14.74,1.39,32.55
2021-06-19,0.17,2.01,13.48,14.38,1.38,31.42
2021-06-20,0.18,2.25,13.42,14.31,1.38,31.54
2021-06-21,0.17,2.47,13.73,14.64,1.38,32.38
2021-06-22,0.16,2.45,13.57,14.47,1.37,32.03
2021-06-23,0.17,2.58,13.12,13.99,1.37,31.23
2021-06-24,0.17,2.28,13.08,13.94,1.38,30.85
2021-06-25,0.18,2.43,12.92,13.78,1.37,30.68
2021-06-26,0.17,2.01,12.77,13.61,1.37,29.93
2021-06-27,0.17,2.25,12.77,13.62,1.37,30.18
2021-06-28,0.17,2.47,13.23,14.1,1.37,31.34
2021-06-29,0.17,2.45,12.8,13.65,1.37,30.44
2021-06-30,0.17,2.58,12.54,13.38,1.37,30.05
2021-07-01,0.16,2.28,10.51,13.23,1.33,27.51
2021-07-02,0.18,2.43,10.54,13.27,1.34,27.76
2021-07-03,0.18,2.01,10.6,13.35,1.33,27.47
2021-07-04,0.19,2.25,10.77,13.55,1.33,28.08
2021-07-05,0.18,2.47,11.06,13.93,1.33,28.97
2021-07-06,0.19,2.45,11.28,14.19,1.33,29.43
2021-07-07,0.19,2.58,11.54,14.52,1.33,30.16
2021-07-08,0.18,2.28,12.02,15.14,1.32,30.95
2021-07-09,0.2,2.43,12.38,15.59,1.33,31.93
2021-07-10,0.2,2.01,12.3,15.49,1.33,31.32
2021-07-11,0.2,2.25,12.28,15.46,1.33,31.51
2021-07-12,0.2,2.47,12.4,15.6,1.32,31.99
2021-07-13,0.2,2.45,12.6,15.86,1.32,32.44
2021-07-14,0.2,2.58,12.8,16.11,1.33,33.01
2021-07-15,0.2,2.28,12.75,16.05,1.33,32.6
2021-07-16,0.2,2.43,12.68,15.96,1.33,32.58
2021-07-17,0.2,2.01,11.85,14.91,1.33,30.29
2021-07-18,0.2,2.25,11.58,14.58,1.33,29.93
2021-07-19,0.2,2.47,11.84,14.91,1.32,30.74
2021-07-20,0.19,2.45,11.85,14.91,1.32,30.72
2021-07-21,0.18,2.58,11.9,14.98,1.32,30.96
2021-07-22,0.2,2.28,11.59,14.59,1.32,29.98
2021-07-23,0.2,2.43,11.82,14.88,1.32,30.65
2021-07-24,0.18,2.01,11.72,14.75,1.32,29.98
2021-07-25,0.15,2.25,11.21,14.11,1.33,29.05
2021-07-26,0.17,2.47,11.68,14.7,1.33,30.34
2021-07-27,0.19,2.45,11.77,14.82,1.33,30.56
2021-07-28,0.19,2.58,12.0,15.1,1.33,31.2
2021-07-29,0.19,2.28,12.08,15.2,1.33,31.08
2021-07-30,0.19,2.43,12.04,15.16,1.33,31.15
2021-07-31,0.19,2.01,12.11,15.24,1.33,30.88
2021-08-01,0.18,2.25,11.82,14.67,1.33,30.25
2021-08-02,0.16,2.47,12.1,15.02,1.32,31.08
2021-08-03,0.15,2.45,12.26,15.21,1.33,31.41
2021-08-04,0.14,2.58,12.36,15.33,1.33,31.73
2021-08-05,0.12,2.28,12.08,14.99,1.33,30.8
2021-08-06,0.12,2.43,12.39,15.37,1.33,31.64
2021-08-07,0.11,2.01,12.32,15.29,1.32,31.06
2021-08-08,0.11,2.25,11.97,14.85,1.33,30.5
2021-08-09,0.09,2.47,12.72,15.77,1.33,32.38
2021-08-10,0.09,2.45,12.84,15.93,1.33,32.65
2021-08-11,0.09,2.58,12.59,15.62,1.33,32.21
2021-08-12,0.09,2.28,12.35,15.32,1.33,31.37
2021-08-13,0.1,2.43,12.19,15.13,1.33,31.18
2021-08-14,0.09,2.01,11.52,14.29,1.33,29.25
2021-08-15,0.11,2.25,11.14,13.81,1.33,28.63
2021-08-16,0.1,2.47,11.4,14.15,1.33,29.45
2021-08-17,0.09,2.45,11.53,14.3,1.33,29.7
2021-08-18,0.1,2.58,11.42,14.17,1.33,29.6
2021-08-19,0.1,2.28,11.43,14.18,1.33,29.31
2021-08-20,0.11,2.43,11.42,14.17,1.33,29.46
2021-08-21,0.09,2.01,11.34,14.07,1.33,28.85
2021-08-22,0.1,2.25,11.32,14.05,1.33,29.05
2021-08-23,0.11,2.47,11.64,14.44,1.34,29.99
2021-08-24,0.1,2.45,11.86,14.71,1.35,30.47
2021-08-25,0.11,2.58,12.08,14.98,1.36,31.12
2021-08-26,0.12,2.28,11.97,14.85,1.36,30.59
2021-08-27,0.13,2.43,11.81,14.65,1.35,30.38
2021-08-28,0.13,2.01,11.62,14.42,1.36,29.53
2021-08-29,0.14,2.25,11.34,14.07,1.35,29.16
2021-08-30,0.13,2.47,11.48,14.24,1.37,29.68
2021-08-31,0.13,2.45,11.66,14.46,1.35,30.05
2021-09-01,0.15,2.58,14.24,14.42,1.38,32.77
2021-09-02,0.15,2.28,14.47,14.66,1.38,32.93
2021-09-03,0.17,2.43,14.25,14.43,1.38,32.65
2021-09-04,0.16,2.01,13.89,14.07,1.39,31.52
2021-09-05,0.17,2.25,13.85,14.03,1.42,31.71
2021-09-06,0.16,2.47,14.05,14.24,1.43,32.35
2021-09-07,0.16,2.45,13.71,13.89,1.41,31.62
2021-09-08,0.16,2.58,13.65,13.83,1.39,31.62
2021-09-09,0.17,2.28,13.54,13.72,1.41,31.12
2021-09-10,0.18,2.43,13.66,13.84,1.41,31.51
2021-09-11,0.17,2.01,13.29,13.47,1.42,30.36
2021-09-12,0.17,2.25,12.58,12.74,1.41,29.15
2021-09-13,0.13,2.47,12.36,12.52,1.42,28.9
2021-09-14,0.15,2.45,12.89,13.05,1.42,29.95
2021-09-15,0.17,2.58,12.47,12.63,1.42,29.27
2021-09-16,0.17,2.28,12.56,12.73,1.44,29.18
2021-09-17,0.17,2.43,12.51,12.67,1.42,29.21
2021-09-18,0.18,2.01,12.73,12.89,1.46,29.27
2021-09-19,0.16,2.25,12.78,12.95,1.51,29.64
2021-09-20,0.13,2.47,12.3,12.46,1.46,28.83
2021-09-21,0.14,2.45,11.34,11.48,1.44,26.85
2021-09-22,0.17,2.58,12.08,12.24,1.45,28.52
2021-09-23,0.16,2.28,12.49,12.65,1.45,29.03
2021-09-24,0.16,2.43,12.56,12.72,1.45,29.31
2021-09-25,0.16,2.01,12.47,12.63,1.45,28.71
2021-09-26,0.17,2.25,12.34,12.5,1.45,28.71
2021-09-27,0.17,2.47,12.34,12.49,1.44,28.91
2021-09-28,0.17,2.45,12.43,12.59,1.44,29.07
2021-09-29,0.18,2.58,12.55,12.71,1.48,29.51
2021-09-30,0.2,2.28,12.52,12.68,1.5,29.18
2021-10-01,0.19,2.43,11.51,12.7,1.48,28.31
2021-10-02,0.17,2.01,11.32,12.49,1.42,27.41
2021-10-03,0.15,2.25,11.13,12.27,1.48,27.28
2021-10-04,0.15,2.47,10.98,12.11,1.69,27.4
2021-10-05,0.17,2.45,11.23,12.39,1.78,28.02
2021-10-06,0.19,2.58,11.37,12.54,1.84,28.52
2021-10-07,0.19,2.28,11.69,12.9,1.78,28.84
2021-10-08,0.17,2.43,11.53,12.72,1.66,28.5
2021-10-09,0.16,2.01,11.22,12.38,1.65,27.43
2021-10-10,0.18,2.25,10.77,11.88,1.93,27.01
2021-10-11,0.17,2.47,10.95,12.08,1.92,27.59
2021-10-12,0.15,2.45,10.64,11.73,1.76,26.73
2021-10-13,0.15,2.58,10.67,11.77,1.6,26.77
2021-10-14,0.17,2.28,10.78,11.89,1.72,26.84
2021-10-15,0.18,2.43,10.95,12.08,1.95,27.59
2021-10-16,0.17,2.01,10.76,11.87,2.45,27.27
2021-10-17,0.18,2.25,10.4,11.47,2.36,26.66
2021-10-18,0.18,2.47,10.43,11.5,2.14,26.72
2021-10-19,0.17,2.45,10.51,11.59,2.28,27.0
2021-10-20,0.16,2.58,10.69,11.79,2.42,27.65
2021-10-21,0.16,2.28,10.78,11.89,2.35,27.46
2021-10-22,0.17,2.43,10.57,11.66,2.3,27.13
2021-10-23,0.16,2.01,10.47,11.55,2.16,26.35
2021-10-24,0.16,2.25,10.49,11.57,2.07,26.53
2021-10-25,0.15,2.47,10.2,11.25,1.93,26.0
2021-10-26,0.14,2.45,10.5,11.58,1.95,26.62
2021-10-27,0.14,2.58,10.63,11.73,1.94,27.02
2021-10-28,0.13,2.28,10.82,11.93,1.92,27.1
2021-10-29,0.14,2.43,10.86,11.98,1.91,27.31
2021-10-30,0.13,2.01,10.82,11.93,1.87,26.77
2021-10-31,0.14,2.25,10.66,11.75,2.03,26.83
