date,Domestic Aviation,Ground Transport,Industry,Power,Residential,印度
2019-01-01,0.02,0.82,2.07,3.35,1.67,7.93
2019-01-02,0.02,0.83,2.09,3.39,1.52,7.86
2019-01-03,0.02,0.84,2.11,3.43,1.59,7.99
2019-01-04,0.02,0.84,2.14,3.46,1.6,8.07
2019-01-05,0.02,0.83,2.12,3.44,1.37,7.78
2019-01-06,0.02,0.78,2.01,3.27,1.33,7.41
2019-01-07,0.02,0.85,2.07,3.36,1.46,7.77
2019-01-08,0.02,0.85,2.15,3.48,1.48,7.98
2019-01-09,0.02,0.85,2.14,3.47,1.66,8.15
2019-01-10,0.02,0.85,2.15,3.48,1.66,8.17
2019-01-11,0.02,0.82,2.18,3.53,1.46,8.01
2019-01-12,0.02,0.8,2.16,3.51,1.34,7.84
2019-01-13,0.02,0.83,2.05,3.33,1.18,7.41
2019-01-14,0.02,0.85,2.0,3.24,1.49,7.6
2019-01-15,0.02,0.85,2.05,3.32,1.93,8.17
2019-01-16,0.02,0.86,2.1,3.4,1.7,8.08
2019-01-17,0.02,0.86,2.11,3.42,1.5,7.9
2019-01-18,0.02,0.86,2.15,3.48,1.36,7.86
2019-01-19,0.02,0.86,2.14,3.47,1.09,7.57
2019-01-20,0.02,0.81,2.06,3.35,0.79,7.04
2019-01-21,0.02,0.86,2.03,3.3,0.7,6.92
2019-01-22,0.02,0.86,2.03,3.29,0.92,7.12
2019-01-23,0.02,0.87,2.12,3.43,1.04,7.48
2019-01-24,0.02,0.86,2.08,3.37,1.09,7.42
2019-01-25,0.02,0.87,2.04,3.31,1.4,7.64
2019-01-26,0.02,0.76,1.9,3.09,1.57,7.35
2019-01-27,0.02,0.81,1.9,3.08,1.67,7.48
2019-01-28,0.02,0.86,2.0,3.25,1.81,7.93
2019-01-29,0.02,0.86,2.05,3.32,1.92,8.17
2019-01-30,0.02,0.86,2.1,3.4,1.6,7.97
2019-01-31,0.02,0.86,2.08,3.38,1.13,7.47
2019-02-01,0.02,0.86,2.16,3.31,1.04,7.39
2019-02-02,0.02,0.85,2.15,3.3,1.11,7.44
2019-02-03,0.02,0.81,2.09,3.2,1.16,7.27
2019-02-04,0.02,0.86,2.14,3.28,1.06,7.36
2019-02-05,0.02,0.86,2.24,3.44,0.75,7.31
2019-02-06,0.02,0.86,2.23,3.42,0.57,7.1
2019-02-07,0.02,0.87,2.14,3.29,0.87,7.19
2019-02-08,0.02,0.87,2.18,3.34,1.15,7.56
2019-02-09,0.02,0.86,2.18,3.34,1.46,7.86
2019-02-10,0.02,0.81,2.14,3.27,1.3,7.54
2019-02-11,0.02,0.86,2.15,3.3,0.95,7.28
2019-02-12,0.02,0.86,2.18,3.34,0.68,7.08
2019-02-13,0.02,0.86,2.23,3.42,0.48,7.01
2019-02-14,0.02,0.86,2.23,3.42,0.57,7.1
2019-02-15,0.02,0.86,2.19,3.36,0.62,7.06
2019-02-16,0.02,0.85,2.17,3.33,0.76,7.13
2019-02-17,0.02,0.81,2.14,3.29,0.77,7.03
2019-02-18,0.02,0.85,2.18,3.33,0.61,6.99
2019-02-19,0.02,0.86,2.27,3.48,0.52,7.14
2019-02-20,0.02,0.85,2.25,3.45,0.52,7.08
2019-02-21,0.02,0.86,2.25,3.44,0.47,7.04
2019-02-22,0.02,0.86,2.24,3.43,0.53,7.09
2019-02-23,0.02,0.85,2.24,3.43,0.64,7.17
2019-02-24,0.02,0.79,2.18,3.34,0.65,6.98
2019-02-25,0.02,0.86,2.23,3.42,0.6,7.13
2019-02-26,0.02,0.85,2.23,3.43,0.7,7.23
2019-02-27,0.02,0.86,2.22,3.4,1.04,7.53
2019-02-28,0.02,0.82,2.21,3.38,1.05,7.47
2019-03-01,0.02,0.86,2.17,3.48,0.75,7.28
2019-03-02,0.02,0.85,2.11,3.4,0.74,7.12
2019-03-03,0.02,0.8,2.05,3.3,0.55,6.73
2019-03-04,0.02,0.82,2.12,3.41,0.49,6.86
2019-03-05,0.02,0.86,2.18,3.5,0.5,7.05
2019-03-06,0.02,0.86,2.18,3.51,0.47,7.04
2019-03-07,0.02,0.86,2.24,3.6,0.45,7.17
2019-03-08,0.02,0.86,2.22,3.57,0.48,7.15
2019-03-09,0.02,0.84,2.21,3.55,0.44,7.05
2019-03-10,0.02,0.8,2.18,3.49,0.41,6.89
2019-03-11,0.02,0.86,2.24,3.6,0.45,7.17
2019-03-12,0.02,0.86,2.27,3.64,0.42,7.2
2019-03-13,0.02,0.86,2.27,3.64,0.43,7.22
2019-03-14,0.02,0.86,2.24,3.6,0.46,7.17
2019-03-15,0.02,0.86,2.2,3.54,0.41,7.03
2019-03-16,0.02,0.85,2.2,3.53,0.38,6.99
2019-03-17,0.02,0.8,2.15,3.46,0.38,6.81
2019-03-18,0.02,0.86,2.25,3.61,0.37,7.1
2019-03-19,0.02,0.86,2.28,3.67,0.38,7.21
2019-03-20,0.02,0.84,2.28,3.67,0.39,7.2
2019-03-21,0.02,0.24,2.01,3.23,0.38,5.88
2019-03-22,0.02,0.8,2.11,3.4,0.38,6.71
2019-03-23,0.02,0.83,2.21,3.55,0.37,6.98
2019-03-24,0.02,0.78,2.2,3.54,0.37,6.9
2019-03-25,0.02,0.85,2.28,3.66,0.38,7.19
2019-03-26,0.02,0.86,2.28,3.66,0.36,7.18
2019-03-27,0.02,0.86,2.32,3.72,0.35,7.26
2019-03-28,0.02,0.86,2.34,3.76,0.33,7.3
2019-03-29,0.02,0.86,2.36,3.8,0.33,7.37
2019-03-30,0.02,0.85,2.39,3.84,0.34,7.45
2019-03-31,0.02,0.81,2.17,3.49,0.35,6.84
2019-04-01,0.02,0.85,1.97,3.57,0.36,6.77
2019-04-02,0.02,0.85,2.06,3.73,0.35,7.0
2019-04-03,0.02,0.85,2.09,3.78,0.34,7.08
2019-04-04,0.02,0.85,2.12,3.84,0.34,7.16
2019-04-05,0.02,0.85,2.07,3.75,0.33,7.02
2019-04-06,0.02,0.82,2.02,3.67,0.33,6.87
2019-04-07,0.02,0.77,1.87,3.39,0.34,6.38
2019-04-08,0.02,0.85,2.04,3.69,0.34,6.94
2019-04-09,0.02,0.85,2.01,3.65,0.33,6.87
2019-04-10,0.02,0.85,2.04,3.7,0.33,6.94
2019-04-11,0.01,0.84,2.01,3.64,0.32,6.83
2019-04-12,0.02,0.85,2.07,3.76,0.33,7.03
2019-04-13,0.02,0.81,2.05,3.73,0.34,6.95
2019-04-14,0.02,0.78,1.99,3.61,0.33,6.72
2019-04-15,0.02,0.85,2.02,3.67,0.32,6.87
2019-04-16,0.02,0.85,1.9,3.45,0.33,6.55
2019-04-17,0.02,0.83,1.79,3.25,0.36,6.25
2019-04-18,0.02,0.84,1.84,3.34,0.35,6.38
2019-04-19,0.02,0.81,1.88,3.42,0.33,6.46
2019-04-20,0.02,0.82,1.92,3.48,0.32,6.56
2019-04-21,0.02,0.74,1.87,3.38,0.32,6.32
2019-04-22,0.02,0.84,1.97,3.57,0.31,6.7
2019-04-23,0.02,0.84,1.98,3.59,0.3,6.73
2019-04-24,0.02,0.85,2.03,3.67,0.32,6.89
2019-04-25,0.02,0.84,2.1,3.81,0.31,7.09
2019-04-26,0.02,0.85,2.1,3.81,0.32,7.1
2019-04-27,0.02,0.83,2.1,3.8,0.31,7.05
2019-04-28,0.02,0.75,2.01,3.64,0.31,6.72
2019-04-29,0.02,0.84,2.07,3.75,0.3,6.98
2019-04-30,0.02,0.84,2.0,3.62,0.32,6.8
2019-05-01,0.02,0.83,1.92,3.37,0.31,6.46
2019-05-02,0.02,0.84,1.93,3.39,0.32,6.5
2019-05-03,0.02,0.85,1.88,3.29,0.32,6.35
2019-05-04,0.02,0.83,1.9,3.33,0.31,6.39
2019-05-05,0.02,0.76,1.93,3.38,0.31,6.39
2019-05-06,0.02,0.84,2.05,3.59,0.31,6.81
2019-05-07,0.02,0.84,2.05,3.59,0.3,6.8
2019-05-08,0.02,0.84,2.06,3.61,0.3,6.83
2019-05-09,0.02,0.84,2.09,3.66,0.29,6.89
2019-05-10,0.02,0.84,2.13,3.73,0.3,7.02
2019-05-11,0.02,0.82,2.1,3.69,0.31,6.94
2019-05-12,0.02,0.55,2.04,3.59,0.3,6.49
2019-05-13,0.02,0.83,2.06,3.62,0.3,6.84
2019-05-14,0.02,0.83,2.02,3.54,0.3,6.72
2019-05-15,0.02,0.85,2.07,3.63,0.3,6.87
2019-05-16,0.02,0.84,2.11,3.7,0.31,6.98
2019-05-17,0.02,0.85,2.08,3.64,0.31,6.89
2019-05-18,0.02,0.81,2.02,3.55,0.3,6.7
2019-05-19,0.02,0.73,2.03,3.56,0.29,6.63
2019-05-20,0.02,0.83,2.15,3.77,0.3,7.06
2019-05-21,0.02,0.84,2.21,3.88,0.29,7.24
2019-05-22,0.02,0.84,2.2,3.87,0.29,7.22
2019-05-23,0.02,0.83,2.19,3.84,0.3,7.18
2019-05-24,0.02,0.84,2.1,3.69,0.31,6.96
2019-05-25,0.02,0.82,2.1,3.68,0.3,6.92
2019-05-26,0.02,0.75,2.03,3.56,0.3,6.65
2019-05-27,0.02,0.83,2.16,3.78,0.29,7.08
2019-05-28,0.02,0.83,2.21,3.88,0.28,7.23
2019-05-29,0.02,0.84,2.25,3.95,0.28,7.34
2019-05-30,0.02,0.83,2.26,3.96,0.28,7.35
2019-05-31,0.02,0.84,2.2,3.87,0.28,7.2
2019-06-01,0.02,0.82,2.12,3.72,0.28,6.97
2019-06-02,0.02,0.74,2.06,3.61,0.28,6.71
2019-06-03,0.02,0.83,2.0,3.51,0.29,6.66
2019-06-04,0.02,0.84,2.08,3.65,0.29,6.87
2019-06-05,0.02,0.75,2.19,3.84,0.29,7.1
2019-06-06,0.02,0.83,2.16,3.78,0.3,7.08
2019-06-07,0.02,0.82,2.12,3.71,0.29,6.96
2019-06-08,0.02,0.82,2.14,3.75,0.29,7.02
2019-06-09,0.02,0.74,2.1,3.69,0.28,6.84
2019-06-10,0.02,0.83,2.15,3.76,0.28,7.04
2019-06-11,0.02,0.84,2.14,3.74,0.29,7.02
2019-06-12,0.02,0.75,2.03,3.56,0.3,6.67
2019-06-13,0.02,0.83,1.97,3.46,0.29,6.57
2019-06-14,0.02,0.82,2.1,3.68,0.28,6.9
2019-06-15,0.02,0.82,2.03,3.55,0.29,6.7
2019-06-16,0.02,0.74,1.87,3.28,0.28,6.2
2019-06-17,0.02,0.83,1.91,3.34,0.29,6.39
2019-06-18,0.02,0.84,1.92,3.37,0.29,6.43
2019-06-19,0.02,0.75,1.98,3.47,0.29,6.51
2019-06-20,0.02,0.83,2.03,3.55,0.29,6.72
2019-06-21,0.02,0.82,2.08,3.65,0.29,6.87
2019-06-22,0.02,0.82,2.07,3.62,0.28,6.81
2019-06-23,0.02,0.74,1.98,3.46,0.29,6.49
2019-06-24,0.02,0.83,2.04,3.58,0.29,6.76
2019-06-25,0.02,0.84,2.09,3.66,0.28,6.89
2019-06-26,0.02,0.75,2.07,3.63,0.28,6.75
2019-06-27,0.02,0.83,2.02,3.53,0.28,6.68
2019-06-28,0.02,0.82,1.99,3.48,0.28,6.59
2019-06-29,0.02,0.82,1.98,3.48,0.28,6.58
2019-06-30,0.02,0.74,1.88,3.3,0.28,6.23
2019-07-01,0.02,0.83,2.2,3.44,0.27,6.76
2019-07-02,0.02,0.84,2.19,3.43,0.27,6.74
2019-07-03,0.02,0.75,2.22,3.48,0.26,6.74
2019-07-04,0.02,0.83,2.15,3.36,0.26,6.62
2019-07-05,0.02,0.82,2.07,3.23,0.26,6.41
2019-07-06,0.02,0.82,1.99,3.11,0.26,6.21
2019-07-07,0.02,0.74,1.85,2.9,0.26,5.77
2019-07-08,0.02,0.83,1.96,3.07,0.26,6.15
2019-07-09,0.02,0.84,1.93,3.02,0.26,6.07
2019-07-10,0.02,0.75,1.96,3.06,0.26,6.05
2019-07-11,0.02,0.83,1.94,3.03,0.26,6.07
2019-07-12,0.02,0.82,2.06,3.22,0.26,6.38
2019-07-13,0.02,0.82,2.05,3.2,0.26,6.36
2019-07-14,0.02,0.74,1.92,2.99,0.27,5.94
2019-07-15,0.02,0.83,1.97,3.08,0.27,6.16
2019-07-16,0.02,0.84,1.97,3.09,0.27,6.18
2019-07-17,0.02,0.75,2.09,3.27,0.26,6.4
2019-07-18,0.02,0.83,2.2,3.43,0.26,6.74
2019-07-19,0.02,0.82,2.26,3.54,0.27,6.91
2019-07-20,0.02,0.82,2.24,3.5,0.26,6.84
2019-07-21,0.02,0.74,2.15,3.37,0.26,6.54
2019-07-22,0.02,0.83,2.27,3.54,0.26,6.92
2019-07-23,0.02,0.84,2.33,3.64,0.26,7.08
2019-07-24,0.02,0.75,2.24,3.5,0.26,6.77
2019-07-25,0.02,0.83,2.05,3.21,0.26,6.37
2019-07-26,0.02,0.82,1.95,3.05,0.26,6.09
2019-07-27,0.02,0.82,1.84,2.87,0.26,5.81
2019-07-28,0.02,0.74,1.74,2.73,0.26,5.5
2019-07-29,0.02,0.83,1.85,2.89,0.26,5.84
2019-07-30,0.02,0.84,1.95,3.04,0.26,6.1
2019-07-31,0.02,0.75,1.95,3.05,0.26,6.04
2019-08-01,0.02,0.83,2.01,3.03,0.26,6.15
2019-08-02,0.02,0.82,1.97,2.96,0.26,6.03
2019-08-03,0.02,0.82,1.94,2.91,0.26,5.95
2019-08-04,0.02,0.74,1.89,2.85,0.26,5.76
2019-08-05,0.02,0.83,1.98,2.99,0.26,6.08
2019-08-06,0.02,0.84,1.91,2.88,0.26,5.91
2019-08-07,0.02,0.75,1.84,2.77,0.26,5.65
2019-08-08,0.02,0.83,1.9,2.86,0.26,5.86
2019-08-09,0.02,0.82,1.85,2.79,0.26,5.75
2019-08-10,0.02,0.82,1.85,2.79,0.26,5.74
2019-08-11,0.02,0.74,1.87,2.81,0.26,5.71
2019-08-12,0.02,0.83,2.03,3.06,0.26,6.21
2019-08-13,0.02,0.84,2.01,3.02,0.26,6.14
2019-08-14,0.02,0.75,1.95,2.93,0.26,5.91
2019-08-15,0.02,0.83,1.71,2.57,0.26,5.38
2019-08-16,0.02,0.82,1.8,2.7,0.26,5.6
2019-08-17,0.02,0.82,1.8,2.71,0.27,5.63
2019-08-18,0.02,0.74,1.79,2.69,0.27,5.51
2019-08-19,0.02,0.83,1.95,2.93,0.27,6.0
2019-08-20,0.02,0.84,2.0,3.01,0.27,6.14
2019-08-21,0.02,0.75,1.98,2.97,0.27,5.99
2019-08-22,0.02,0.83,2.01,3.02,0.27,6.14
2019-08-23,0.02,0.82,2.03,3.06,0.26,6.2
2019-08-24,0.02,0.82,1.95,2.93,0.26,5.97
2019-08-25,0.02,0.74,1.94,2.91,0.26,5.87
2019-08-26,0.02,0.83,2.02,3.04,0.26,6.17
2019-08-27,0.02,0.84,2.11,3.18,0.26,6.4
2019-08-28,0.02,0.75,2.21,3.33,0.26,6.58
2019-08-29,0.02,0.83,2.26,3.39,0.26,6.75
2019-08-30,0.02,0.82,2.24,3.37,0.26,6.71
2019-08-31,0.02,0.82,2.21,3.33,0.26,6.65
2019-09-01,0.02,0.74,2.04,3.06,0.27,6.13
2019-09-02,0.02,0.83,2.03,3.05,0.27,6.21
2019-09-03,0.02,0.84,2.08,3.13,0.27,6.33
2019-09-04,0.02,0.75,2.06,3.1,0.27,6.21
2019-09-05,0.02,0.83,2.03,3.05,0.27,6.2
2019-09-06,0.02,0.82,2.02,3.03,0.27,6.16
2019-09-07,0.02,0.82,1.97,2.96,0.27,6.05
2019-09-08,0.02,0.74,1.89,2.83,0.27,5.75
2019-09-09,0.02,0.83,2.0,3.01,0.27,6.13
2019-09-10,0.02,0.84,2.09,3.13,0.27,6.34
2019-09-11,0.02,0.75,2.12,3.18,0.27,6.34
2019-09-12,0.02,0.83,2.03,3.05,0.27,6.21
2019-09-13,0.02,0.82,2.01,3.02,0.27,6.15
2019-09-14,0.02,0.82,2.04,3.06,0.27,6.21
2019-09-15,0.02,0.74,1.97,2.96,0.27,5.97
2019-09-16,0.02,0.83,2.04,3.06,0.28,6.23
2019-09-17,0.02,0.84,2.09,3.13,0.29,6.36
2019-09-18,0.02,0.75,2.08,3.12,0.28,6.25
2019-09-19,0.02,0.83,2.07,3.11,0.28,6.31
2019-09-20,0.02,0.82,2.12,3.18,0.28,6.43
2019-09-21,0.02,0.82,2.13,3.2,0.29,6.46
2019-09-22,0.02,0.74,1.97,2.95,0.28,5.97
2019-09-23,0.02,0.83,2.09,3.13,0.28,6.35
2019-09-24,0.02,0.84,2.07,3.11,0.28,6.32
2019-09-25,0.02,0.75,1.99,2.99,0.28,6.03
2019-09-26,0.02,0.83,1.92,2.88,0.28,5.92
2019-09-27,0.02,0.82,1.85,2.77,0.28,5.74
2019-09-28,0.02,0.82,1.77,2.65,0.29,5.55
2019-09-29,0.02,0.74,1.61,2.41,0.29,5.08
2019-09-30,0.02,0.83,1.69,2.54,0.29,5.38
2019-10-01,0.02,0.84,1.78,2.65,0.3,5.58
2019-10-02,0.02,0.75,1.77,2.64,0.29,5.48
2019-10-03,0.02,0.83,1.91,2.85,0.3,5.91
2019-10-04,0.02,0.82,1.98,2.95,0.32,6.09
2019-10-05,0.02,0.82,2.02,3.01,0.31,6.17
2019-10-06,0.02,0.74,1.95,2.9,0.3,5.91
2019-10-07,0.02,0.83,1.96,2.91,0.32,6.04
2019-10-08,0.02,0.84,1.81,2.7,0.31,5.67
2019-10-09,0.02,0.75,1.94,2.88,0.31,5.91
2019-10-10,0.02,0.83,2.04,3.04,0.31,6.25
2019-10-11,0.02,0.82,2.09,3.11,0.31,6.35
2019-10-12,0.02,0.82,2.1,3.13,0.31,6.38
2019-10-13,0.02,0.74,2.04,3.04,0.3,6.14
2019-10-14,0.02,0.83,2.13,3.16,0.3,6.44
2019-10-15,0.02,0.84,2.18,3.24,0.3,6.58
2019-10-16,0.02,0.75,2.2,3.27,0.3,6.55
2019-10-17,0.02,0.83,2.19,3.25,0.31,6.6
2019-10-18,0.02,0.82,2.15,3.2,0.33,6.53
2019-10-19,0.02,0.82,2.1,3.12,0.33,6.39
2019-10-20,0.02,0.74,1.99,2.96,0.33,6.04
2019-10-21,0.02,0.83,1.96,2.92,0.33,6.07
2019-10-22,0.02,0.82,1.98,2.95,0.33,6.09
2019-10-23,0.02,0.87,1.95,2.91,0.33,6.08
2019-10-24,0.02,0.87,1.89,2.81,0.34,5.92
2019-10-25,0.02,0.87,1.85,2.75,0.34,5.83
2019-10-26,0.02,0.84,1.73,2.58,0.34,5.51
2019-10-27,0.02,0.61,1.62,2.42,0.33,4.99
2019-10-28,0.02,0.71,1.57,2.34,0.32,4.96
2019-10-29,0.02,0.82,1.66,2.46,0.32,5.29
2019-10-30,0.02,0.83,1.71,2.55,0.33,5.44
2019-10-31,0.02,0.84,1.78,2.64,0.33,5.61
2019-11-01,0.02,0.84,1.86,2.71,0.34,5.78
2019-11-02,0.02,0.83,1.91,2.79,0.34,5.89
2019-11-03,0.02,0.76,1.87,2.72,0.35,5.72
2019-11-04,0.02,0.82,2.0,2.91,0.36,6.11
2019-11-05,0.02,0.83,2.07,3.02,0.35,6.3
2019-11-06,0.02,0.83,2.12,3.09,0.37,6.44
2019-11-07,0.02,0.84,2.05,2.98,0.41,6.3
2019-11-08,0.02,0.84,1.98,2.88,0.4,6.12
2019-11-09,0.02,0.8,1.94,2.82,0.4,5.97
2019-11-10,0.02,0.78,1.9,2.77,0.4,5.88
2019-11-11,0.02,0.84,2.04,2.98,0.4,6.28
2019-11-12,0.02,0.82,2.09,3.05,0.39,6.37
2019-11-13,0.02,0.83,2.12,3.09,0.37,6.43
2019-11-14,0.02,0.83,2.12,3.09,0.37,6.43
2019-11-15,0.02,0.83,2.13,3.1,0.37,6.45
2019-11-16,0.02,0.84,2.13,3.1,0.38,6.48
2019-11-17,0.02,0.79,2.01,2.93,0.39,6.15
2019-11-18,0.02,0.85,2.13,3.11,0.4,6.52
2019-11-19,0.02,0.85,2.19,3.19,0.4,6.66
2019-11-20,0.02,0.85,2.19,3.19,0.41,6.66
2019-11-21,0.02,0.85,2.17,3.16,0.4,6.6
2019-11-22,0.02,0.85,2.18,3.18,0.4,6.64
2019-11-23,0.02,0.84,2.12,3.09,0.39,6.47
2019-11-24,0.02,0.77,2.06,2.99,0.4,6.25
2019-11-25,0.02,0.84,2.15,3.13,0.42,6.57
2019-11-26,0.02,0.85,2.16,3.14,0.41,6.58
2019-11-27,0.02,0.85,2.13,3.1,0.43,6.53
2019-11-28,0.02,0.86,2.08,3.02,0.47,6.45
2019-11-29,0.02,0.85,2.08,3.03,0.5,6.49
2019-11-30,0.02,0.85,2.07,3.01,0.58,6.53
2019-12-01,0.02,0.8,1.89,2.89,0.65,6.24
2019-12-02,0.02,0.85,1.94,2.97,0.76,6.55
2019-12-03,0.02,0.85,1.96,3.0,0.85,6.68
2019-12-04,0.02,0.85,1.99,3.04,0.9,6.8
2019-12-05,0.02,0.85,2.0,3.07,0.85,6.79
2019-12-06,0.02,0.86,2.01,3.07,0.75,6.71
2019-12-07,0.02,0.85,1.98,3.04,0.74,6.63
2019-12-08,0.02,0.79,1.93,2.96,0.78,6.48
2019-12-09,0.02,0.85,2.01,3.08,0.82,6.78
2019-12-10,0.02,0.85,2.12,3.25,0.88,7.13
2019-12-11,0.02,0.85,2.18,3.34,0.73,7.12
2019-12-12,0.02,0.86,2.14,3.28,0.72,7.01
2019-12-13,0.02,0.86,1.97,3.02,0.98,6.85
2019-12-14,0.02,0.85,2.0,3.07,0.99,6.93
2019-12-15,0.02,0.79,1.89,2.89,1.14,6.73
2019-12-16,0.02,0.85,1.94,2.97,1.41,7.2
2019-12-17,0.02,0.86,2.0,3.07,1.86,7.8
2019-12-18,0.02,0.85,2.07,3.17,2.17,8.28
2019-12-19,0.02,0.85,2.12,3.25,2.21,8.45
2019-12-20,0.02,0.82,2.19,3.36,1.93,8.33
2019-12-21,0.02,0.83,2.15,3.29,1.69,7.98
2019-12-22,0.02,0.76,2.04,3.12,1.64,7.58
2019-12-23,0.02,0.85,2.13,3.27,1.88,8.16
2019-12-24,0.02,0.86,2.2,3.37,2.08,8.53
2019-12-25,0.02,0.83,2.19,3.35,2.29,8.68
2019-12-26,0.02,0.84,2.27,3.48,2.75,9.36
2019-12-27,0.02,0.85,2.23,3.42,3.05,9.57
2019-12-28,0.02,0.84,2.19,3.35,3.26,9.65
2019-12-29,0.02,0.78,2.13,3.27,3.21,9.41
2019-12-30,0.02,0.85,2.22,3.4,3.26,9.75
2019-12-31,0.02,0.85,2.24,3.44,2.72,9.27
2020-01-01,0.02,0.83,2.08,3.3,1.95,8.18
2020-01-02,0.02,0.84,2.1,3.34,1.27,7.58
2020-01-03,0.02,0.85,2.13,3.38,1.36,7.73
2020-01-04,0.02,0.84,2.16,3.44,1.56,8.02
2020-01-05,0.02,0.79,2.05,3.25,1.73,7.84
2020-01-06,0.02,0.85,2.09,3.32,1.64,7.92
2020-01-07,0.02,0.85,2.14,3.41,1.42,7.85
2020-01-08,0.02,0.86,2.13,3.39,1.56,7.96
2020-01-09,0.02,0.86,2.09,3.33,2.01,8.31
2020-01-10,0.02,0.86,2.08,3.31,2.38,8.66
2020-01-11,0.02,0.85,2.11,3.36,2.25,8.59
2020-01-12,0.02,0.8,2.1,3.34,1.85,8.12
2020-01-13,0.02,0.86,2.15,3.41,1.68,8.12
2020-01-14,0.02,0.85,2.1,3.34,1.66,7.98
2020-01-15,0.02,0.86,2.02,3.22,1.43,7.54
2020-01-16,0.02,0.86,1.99,3.17,1.31,7.35
2020-01-17,0.02,0.86,2.08,3.3,1.38,7.65
2020-01-18,0.02,0.85,2.09,3.33,1.43,7.72
2020-01-19,0.02,0.79,1.98,3.14,1.79,7.72
2020-01-20,0.02,0.86,2.11,3.36,1.88,8.24
2020-01-21,0.02,0.86,2.15,3.42,1.72,8.17
2020-01-22,0.02,0.86,2.08,3.3,1.62,7.89
2020-01-23,0.02,0.86,2.1,3.34,1.66,7.97
2020-01-24,0.02,0.86,2.17,3.45,1.86,8.35
2020-01-25,0.02,0.84,2.18,3.47,1.76,8.27
2020-01-26,0.02,0.69,2.08,3.3,1.49,7.58
2020-01-27,0.02,0.85,2.16,3.44,1.2,7.68
2020-01-28,0.02,0.86,2.18,3.47,0.97,7.51
2020-01-29,0.02,0.86,2.21,3.51,1.06,7.67
2020-01-30,0.02,0.86,2.21,3.51,1.31,7.91
2020-01-31,0.02,0.86,2.22,3.52,1.65,8.26
2020-02-01,0.02,0.85,2.13,3.43,1.56,7.99
2020-02-02,0.02,0.79,2.03,3.27,1.73,7.84
2020-02-03,0.02,0.85,2.13,3.42,1.65,8.07
2020-02-04,0.02,0.85,2.2,3.54,1.39,8.0
2020-02-05,0.02,0.85,2.2,3.55,1.32,7.94
2020-02-06,0.02,0.86,2.22,3.58,1.44,8.12
2020-02-07,0.02,0.86,2.24,3.6,1.43,8.15
2020-02-08,0.02,0.75,2.18,3.51,1.44,7.9
2020-02-09,0.02,0.79,2.09,3.36,1.38,7.64
2020-02-10,0.02,0.85,2.15,3.46,1.24,7.73
2020-02-11,0.02,0.84,2.19,3.52,1.07,7.65
2020-02-12,0.02,0.86,2.21,3.56,0.73,7.38
2020-02-13,0.02,0.85,2.28,3.66,0.45,7.26
2020-02-14,0.02,0.86,2.28,3.67,0.49,7.32
2020-02-15,0.02,0.85,2.3,3.69,0.56,7.42
2020-02-16,0.02,0.78,2.2,3.54,0.53,7.08
2020-02-17,0.02,0.85,2.25,3.61,0.5,7.23
2020-02-18,0.02,0.85,2.31,3.72,0.51,7.42
2020-02-19,0.02,0.85,2.3,3.71,0.44,7.32
2020-02-20,0.02,0.85,2.23,3.59,0.43,7.12
2020-02-21,0.02,0.83,2.15,3.45,0.55,7.01
2020-02-22,0.02,0.83,2.15,3.45,0.44,6.9
2020-02-23,0.02,0.77,2.1,3.38,0.44,6.7
2020-02-24,0.02,0.85,2.2,3.55,0.44,7.05
2020-02-25,0.02,0.84,2.23,3.58,0.48,7.15
2020-02-26,0.02,0.83,2.24,3.6,0.47,7.17
2020-02-27,0.02,0.84,2.19,3.53,0.43,7.01
2020-02-28,0.02,0.84,2.2,3.54,0.42,7.03
2020-02-29,0.02,0.84,2.17,3.5,0.44,6.97
2020-03-01,0.02,0.75,1.83,3.28,0.39,6.27
2020-03-02,0.02,0.84,1.96,3.52,0.39,6.74
2020-03-03,0.02,0.84,1.99,3.57,0.39,6.82
2020-03-04,0.02,0.85,1.94,3.47,0.39,6.67
2020-03-05,0.02,0.85,1.89,3.4,0.43,6.6
2020-03-06,0.02,0.86,1.81,3.25,0.65,6.6
2020-03-07,0.02,0.84,1.89,3.39,0.61,6.75
2020-03-08,0.02,0.75,1.83,3.29,0.45,6.34
2020-03-09,0.02,0.79,1.83,3.27,0.42,6.33
2020-03-10,0.02,0.19,1.6,2.87,0.4,5.08
2020-03-11,0.02,0.79,1.68,3.01,0.43,5.92
2020-03-12,0.02,0.83,1.8,3.23,0.41,6.29
2020-03-13,0.02,0.83,1.85,3.31,0.43,6.44
2020-03-14,0.02,0.82,1.83,3.29,0.52,6.48
2020-03-15,0.02,0.72,1.75,3.14,0.44,6.06
2020-03-16,0.02,0.83,1.83,3.28,0.38,6.34
2020-03-17,0.02,0.82,1.9,3.41,0.37,6.53
2020-03-18,0.02,0.82,1.95,3.49,0.37,6.65
2020-03-19,0.02,0.8,1.96,3.52,0.37,6.68
2020-03-20,0.02,0.8,1.88,3.37,0.37,6.45
2020-03-21,0.02,0.68,1.86,3.34,0.38,6.28
2020-03-22,0.01,0.12,1.62,2.9,0.37,5.02
2020-03-23,0.01,0.35,1.67,3.0,0.35,5.4
2020-03-24,0.01,0.29,1.57,2.82,0.37,5.07
2020-03-25,0.0,0.34,1.44,2.58,0.36,4.72
2020-03-26,0.0,0.38,1.33,2.38,0.34,4.44
2020-03-27,0.0,0.26,1.3,2.33,0.38,4.26
2020-03-28,0.0,0.2,1.3,2.34,0.37,4.2
2020-03-29,0.0,0.12,1.29,2.31,0.36,4.08
2020-03-30,0.0,0.28,1.3,2.33,0.35,4.26
2020-03-31,0.0,0.29,1.33,2.39,0.35,4.36
2020-04-01,0.0,0.26,0.64,2.44,0.36,3.69
2020-04-02,0.0,0.21,0.66,2.53,0.38,3.79
2020-04-03,0.0,0.25,0.66,2.53,0.37,3.8
2020-04-04,0.0,0.17,0.67,2.56,0.35,3.76
2020-04-05,0.0,0.12,0.65,2.49,0.36,3.62
2020-04-06,0.0,0.21,0.67,2.55,0.35,3.78
2020-04-07,0.0,0.31,0.65,2.48,0.37,3.81
2020-04-08,0.0,0.29,0.65,2.47,0.36,3.77
2020-04-09,0.0,0.3,0.65,2.48,0.35,3.78
2020-04-10,0.0,0.26,0.65,2.5,0.34,3.76
2020-04-11,0.0,0.21,0.67,2.57,0.33,3.78
2020-04-12,0.0,0.12,0.67,2.54,0.32,3.65
2020-04-13,0.0,0.28,0.68,2.61,0.32,3.89
2020-04-14,0.0,0.23,0.7,2.67,0.32,3.92
2020-04-15,0.0,0.32,0.69,2.64,0.33,3.98
2020-04-16,0.0,0.33,0.7,2.68,0.33,4.04
2020-04-17,0.0,0.32,0.7,2.67,0.35,4.03
2020-04-18,0.0,0.26,0.69,2.62,0.35,3.91
2020-04-19,0.0,0.12,0.67,2.57,0.34,3.7
2020-04-20,0.0,0.44,0.67,2.56,0.35,4.02
2020-04-21,0.0,0.38,0.67,2.54,0.35,3.93
2020-04-22,0.0,0.37,0.68,2.6,0.34,3.98
2020-04-23,0.0,0.39,0.67,2.57,0.33,3.97
2020-04-24,0.0,0.37,0.67,2.56,0.33,3.93
2020-04-25,0.0,0.24,0.65,2.49,0.33,3.71
2020-04-26,0.0,0.13,0.63,2.42,0.33,3.5
2020-04-27,0.0,0.42,0.62,2.37,0.33,3.74
2020-04-28,0.0,0.43,0.65,2.48,0.32,3.88
2020-04-29,0.0,0.42,0.67,2.54,0.31,3.94
2020-04-30,0.0,0.42,0.69,2.64,0.31,4.05
2020-05-01,0.0,0.44,1.14,2.54,0.29,4.41
2020-05-02,0.0,0.35,1.15,2.57,0.3,4.37
2020-05-03,0.0,0.13,1.13,2.52,0.31,4.09
2020-05-04,0.0,0.57,1.15,2.57,0.31,4.6
2020-05-05,0.0,0.56,1.2,2.68,0.31,4.75
2020-05-06,0.0,0.58,1.19,2.66,0.32,4.75
2020-05-07,0.0,0.51,1.21,2.72,0.31,4.75
2020-05-08,0.0,0.56,1.29,2.87,0.3,5.01
2020-05-09,0.0,0.48,1.32,2.96,0.29,5.06
2020-05-10,0.0,0.28,1.23,2.74,0.3,4.55
2020-05-11,0.0,0.59,1.22,2.72,0.31,4.83
2020-05-12,0.0,0.58,1.32,2.95,0.3,5.15
2020-05-13,0.0,0.59,1.35,3.01,0.3,5.24
2020-05-14,0.0,0.62,1.37,3.05,0.32,5.35
2020-05-15,0.0,0.6,1.39,3.1,0.3,5.39
2020-05-16,0.0,0.54,1.38,3.08,0.29,5.3
2020-05-17,0.0,0.3,1.32,2.96,0.29,4.88
2020-05-18,0.0,0.65,1.34,2.99,0.3,5.28
2020-05-19,0.0,0.71,1.31,2.93,0.3,5.27
2020-05-20,0.0,0.7,1.28,2.86,0.29,5.14
2020-05-21,0.0,0.68,1.28,2.87,0.28,5.11
2020-05-22,0.0,0.65,1.33,2.98,0.28,5.25
2020-05-23,0.0,0.56,1.4,3.12,0.29,5.37
2020-05-24,0.0,0.28,1.41,3.16,0.28,5.13
2020-05-25,0.0,0.43,1.44,3.22,0.28,5.37
2020-05-26,0.0,0.67,1.45,3.24,0.27,5.64
2020-05-27,0.0,0.66,1.39,3.1,0.27,5.44
2020-05-28,0.0,0.56,1.29,2.88,0.29,5.03
2020-05-29,0.0,0.71,1.28,2.87,0.29,5.16
2020-05-30,0.0,0.63,1.31,2.92,0.3,5.15
2020-05-31,0.0,0.43,1.24,2.76,0.3,4.74
2020-06-01,0.01,0.72,1.63,2.85,0.31,5.51
2020-06-02,0.01,0.71,1.63,2.85,0.3,5.5
2020-06-03,0.01,0.71,1.59,2.8,0.3,5.41
2020-06-04,0.01,0.71,1.55,2.72,0.29,5.28
2020-06-05,0.01,0.71,1.5,2.62,0.29,5.12
2020-06-06,0.01,0.65,1.52,2.66,0.29,5.13
2020-06-07,0.01,0.45,1.51,2.64,0.28,4.89
2020-06-08,0.01,0.72,1.62,2.84,0.28,5.46
2020-06-09,0.01,0.72,1.71,3.01,0.28,5.73
2020-06-10,0.01,0.74,1.77,3.1,0.28,5.89
2020-06-11,0.01,0.71,1.76,3.08,0.29,5.84
2020-06-12,0.01,0.71,1.74,3.06,0.29,5.8
2020-06-13,0.01,0.65,1.71,2.99,0.29,5.64
2020-06-14,0.01,0.44,1.64,2.88,0.28,5.24
2020-06-15,0.01,0.7,1.71,3.0,0.28,5.7
2020-06-16,0.01,0.69,1.73,3.04,0.28,5.75
2020-06-17,0.01,0.7,1.72,3.02,0.27,5.72
2020-06-18,0.01,0.69,1.73,3.03,0.27,5.74
2020-06-19,0.01,0.69,1.72,3.02,0.28,5.71
2020-06-20,0.01,0.68,1.7,2.98,0.28,5.64
2020-06-21,0.01,0.38,1.63,2.86,0.28,5.16
2020-06-22,0.01,0.74,1.69,2.96,0.27,5.66
2020-06-23,0.01,0.72,1.78,3.12,0.27,5.89
2020-06-24,0.01,0.74,1.83,3.21,0.27,6.06
2020-06-25,0.01,0.72,1.82,3.19,0.27,6.01
2020-06-26,0.01,0.72,1.79,3.14,0.27,5.92
2020-06-27,0.01,0.67,1.78,3.13,0.27,5.85
2020-06-28,0.01,0.43,1.72,3.02,0.27,5.46
2020-06-29,0.01,0.72,1.8,3.16,0.28,5.96
2020-06-30,0.01,0.7,1.87,3.28,0.27,6.13
2020-07-01,0.01,0.73,1.89,3.28,0.26,6.16
2020-07-02,0.01,0.72,1.91,3.31,0.26,6.2
2020-07-03,0.01,0.73,1.88,3.27,0.26,6.15
2020-07-04,0.01,0.7,1.81,3.13,0.26,5.91
2020-07-05,0.01,0.54,1.55,2.68,0.27,5.04
2020-07-06,0.01,0.76,1.62,2.81,0.26,5.46
2020-07-07,0.01,0.76,1.68,2.91,0.26,5.61
2020-07-08,0.01,0.77,1.72,2.99,0.26,5.74
2020-07-09,0.01,0.74,1.81,3.14,0.26,5.96
2020-07-10,0.01,0.76,1.8,3.12,0.26,5.96
2020-07-11,0.01,0.72,1.71,2.97,0.26,5.67
2020-07-12,0.01,0.57,1.53,2.66,0.27,5.03
2020-07-13,0.01,0.78,1.76,3.05,0.26,5.85
2020-07-14,0.01,0.77,1.89,3.28,0.26,6.2
2020-07-15,0.01,0.78,1.87,3.24,0.26,6.15
2020-07-16,0.01,0.77,1.85,3.2,0.26,6.08
2020-07-17,0.01,0.79,1.87,3.24,0.26,6.17
2020-07-18,0.01,0.75,1.93,3.36,0.26,6.3
2020-07-19,0.01,0.64,1.81,3.14,0.26,5.86
2020-07-20,0.01,0.81,1.74,3.01,0.26,5.83
2020-07-21,0.01,0.8,1.68,2.91,0.28,5.66
2020-07-22,0.01,0.82,1.8,3.13,0.27,6.03
2020-07-23,0.01,0.79,1.85,3.2,0.26,6.11
2020-07-24,0.01,0.8,1.88,3.27,0.26,6.21
2020-07-25,0.01,0.75,1.89,3.28,0.26,6.19
2020-07-26,0.01,0.6,1.85,3.21,0.26,5.92
2020-07-27,0.01,0.8,1.95,3.39,0.26,6.4
2020-07-28,0.01,0.79,1.99,3.46,0.26,6.51
2020-07-29,0.01,0.8,1.94,3.37,0.26,6.37
2020-07-30,0.01,0.8,1.91,3.31,0.26,6.28
2020-07-31,0.01,0.82,1.96,3.39,0.26,6.43
2020-08-01,0.01,0.73,2.05,3.28,0.26,6.34
2020-08-02,0.01,0.69,1.98,3.16,0.26,6.09
2020-08-03,0.01,0.79,1.92,3.07,0.26,6.05
2020-08-04,0.01,0.79,1.89,3.03,0.26,5.97
2020-08-05,0.01,0.81,1.89,3.02,0.26,5.98
2020-08-06,0.01,0.81,1.81,2.89,0.26,5.77
2020-08-07,0.01,0.82,1.92,3.07,0.26,6.07
2020-08-08,0.01,0.78,1.97,3.15,0.26,6.17
2020-08-09,0.01,0.67,1.92,3.07,0.26,5.92
2020-08-10,0.01,0.83,1.92,3.06,0.26,6.07
2020-08-11,0.01,0.81,1.87,2.99,0.26,5.94
2020-08-12,0.01,0.76,1.76,2.81,0.26,5.58
2020-08-13,0.01,0.82,1.69,2.71,0.26,5.49
2020-08-14,0.01,0.84,1.74,2.79,0.26,5.64
2020-08-15,0.01,0.51,1.69,2.7,0.26,5.17
2020-08-16,0.01,0.7,1.66,2.65,0.26,5.27
2020-08-17,0.01,0.85,1.82,2.91,0.26,5.84
2020-08-18,0.01,0.84,1.83,2.93,0.26,5.86
2020-08-19,0.01,0.84,1.74,2.79,0.26,5.64
2020-08-20,0.01,0.84,1.7,2.72,0.26,5.52
2020-08-21,0.01,0.84,1.72,2.74,0.27,5.58
2020-08-22,0.01,0.8,1.69,2.7,0.26,5.46
2020-08-23,0.01,0.7,1.63,2.6,0.26,5.19
2020-08-24,0.01,0.84,1.72,2.75,0.26,5.57
2020-08-25,0.01,0.83,1.82,2.9,0.26,5.81
2020-08-26,0.01,0.83,1.87,2.99,0.26,5.97
2020-08-27,0.01,0.83,1.87,2.98,0.27,5.96
2020-08-28,0.01,0.84,1.85,2.96,0.27,5.93
2020-08-29,0.01,0.82,1.85,2.96,0.26,5.9
2020-08-30,0.01,0.72,1.75,2.79,0.26,5.53
2020-08-31,0.01,0.83,1.86,2.96,0.27,5.93
2020-09-01,0.01,0.82,1.94,3.15,0.27,6.19
2020-09-02,0.01,0.83,1.99,3.22,0.27,6.32
2020-09-03,0.01,0.82,2.02,3.27,0.27,6.39
2020-09-04,0.01,0.83,2.06,3.34,0.28,6.52
2020-09-05,0.01,0.83,2.08,3.37,0.27,6.56
2020-09-06,0.01,0.74,1.93,3.14,0.28,6.1
2020-09-07,0.01,0.84,1.99,3.23,0.28,6.35
2020-09-08,0.01,0.83,2.1,3.41,0.28,6.62
2020-09-09,0.01,0.83,2.21,3.58,0.28,6.9
2020-09-10,0.01,0.82,2.17,3.52,0.28,6.8
2020-09-11,0.01,0.82,2.13,3.45,0.28,6.68
2020-09-12,0.01,0.79,2.09,3.39,0.27,6.56
2020-09-13,0.01,0.72,1.98,3.2,0.27,6.19
2020-09-14,0.01,0.82,2.0,3.24,0.28,6.34
2020-09-15,0.01,0.81,2.04,3.3,0.28,6.44
2020-09-16,0.01,0.81,2.08,3.36,0.28,6.54
2020-09-17,0.01,0.79,1.79,2.91,0.28,5.78
2020-09-18,0.01,0.81,2.01,3.26,0.28,6.37
2020-09-19,0.01,0.8,2.08,3.37,0.28,6.54
2020-09-20,0.01,0.71,1.98,3.22,0.28,6.2
2020-09-21,0.01,0.81,1.95,3.17,0.28,6.22
2020-09-22,0.01,0.81,1.92,3.12,0.28,6.14
2020-09-23,0.01,0.82,1.85,2.99,0.28,5.95
2020-09-24,0.01,0.81,1.91,3.1,0.28,6.1
2020-09-25,0.01,0.81,1.94,3.15,0.29,6.2
2020-09-26,0.01,0.8,1.87,3.04,0.3,6.02
2020-09-27,0.01,0.71,1.86,3.02,0.3,5.9
2020-09-28,0.01,0.81,2.03,3.28,0.3,6.43
2020-09-29,0.01,0.81,2.05,3.32,0.3,6.48
2020-09-30,0.01,0.82,2.05,3.32,0.3,6.5
2020-10-01,0.01,0.83,1.96,3.22,0.29,6.3
2020-10-02,0.01,0.66,1.92,3.15,0.28,6.02
2020-10-03,0.01,0.81,1.99,3.26,0.29,6.36
2020-10-04,0.01,0.73,1.92,3.14,0.29,6.08
2020-10-05,0.01,0.82,2.02,3.32,0.29,6.47
2020-10-06,0.01,0.82,2.09,3.42,0.29,6.62
2020-10-07,0.01,0.82,2.14,3.52,0.29,6.78
2020-10-08,0.01,0.81,2.17,3.56,0.29,6.85
2020-10-09,0.01,0.82,2.19,3.59,0.29,6.9
2020-10-10,0.01,0.81,2.16,3.55,0.29,6.81
2020-10-11,0.01,0.73,2.0,3.28,0.29,6.32
2020-10-12,0.01,0.81,2.05,3.37,0.29,6.53
2020-10-13,0.01,0.82,2.07,3.4,0.3,6.59
2020-10-14,0.01,0.83,1.96,3.21,0.3,6.31
2020-10-15,0.01,0.82,1.98,3.24,0.3,6.35
2020-10-16,0.01,0.83,2.01,3.3,0.3,6.45
2020-10-17,0.01,0.79,2.07,3.39,0.3,6.56
2020-10-18,0.01,0.74,1.99,3.27,0.3,6.31
2020-10-19,0.01,0.82,2.05,3.37,0.3,6.55
2020-10-20,0.01,0.82,2.07,3.4,0.31,6.6
2020-10-21,0.01,0.82,2.04,3.35,0.31,6.54
2020-10-22,0.01,0.81,2.02,3.32,0.32,6.49
2020-10-23,0.01,0.81,1.99,3.26,0.32,6.4
2020-10-24,0.01,0.79,1.94,3.19,0.32,6.26
2020-10-25,0.01,0.68,1.84,3.02,0.33,5.88
2020-10-26,0.01,0.8,1.92,3.15,0.34,6.23
2020-10-27,0.01,0.81,1.98,3.25,0.33,6.39
2020-10-28,0.01,0.82,2.02,3.31,0.33,6.49
2020-10-29,0.01,0.81,2.05,3.36,0.34,6.57
2020-10-30,0.01,0.78,2.05,3.37,0.34,6.56
2020-10-31,0.01,0.81,2.06,3.37,0.34,6.59
2020-11-01,0.01,0.74,2.09,3.24,0.35,6.42
2020-11-02,0.01,0.82,2.16,3.35,0.35,6.69
2020-11-03,0.01,0.82,2.19,3.39,0.35,6.76
2020-11-04,0.01,0.77,2.19,3.39,0.36,6.72
2020-11-05,0.01,0.8,2.16,3.34,0.36,6.68
2020-11-06,0.01,0.82,2.19,3.39,0.37,6.77
2020-11-07,0.01,0.82,2.16,3.35,0.36,6.71
2020-11-08,0.01,0.73,2.08,3.23,0.36,6.42
2020-11-09,0.01,0.82,2.15,3.33,0.36,6.68
2020-11-10,0.01,0.82,2.14,3.32,0.37,6.66
2020-11-11,0.01,0.83,2.12,3.29,0.37,6.62
2020-11-12,0.01,0.84,2.15,3.34,0.37,6.72
2020-11-13,0.01,0.83,2.1,3.25,0.37,6.56
2020-11-14,0.01,0.59,1.8,2.79,0.38,5.57
2020-11-15,0.01,0.49,1.7,2.63,0.4,5.23
2020-11-16,0.01,0.78,1.73,2.69,0.46,5.67
2020-11-17,0.01,0.77,1.87,2.91,0.46,6.02
2020-11-18,0.01,0.79,1.98,3.08,0.51,6.38
2020-11-19,0.01,0.78,2.02,3.13,0.56,6.49
2020-11-20,0.01,0.77,2.02,3.14,0.59,6.54
2020-11-21,0.01,0.76,1.99,3.09,0.74,6.6
2020-11-22,0.01,0.68,1.98,3.07,0.82,6.58
2020-11-23,0.01,0.79,2.07,3.21,0.73,6.8
2020-11-24,0.01,0.78,2.11,3.27,0.66,6.84
2020-11-25,0.01,0.8,2.04,3.16,0.57,6.59
2020-11-26,0.01,0.78,1.91,2.96,0.57,6.25
2020-11-27,0.02,0.8,1.92,2.98,0.57,6.28
2020-11-28,0.01,0.77,1.97,3.05,0.62,6.42
2020-11-29,0.01,0.67,1.98,3.07,0.64,6.38
2020-11-30,0.02,0.72,2.08,3.23,0.63,6.68
2020-12-01,0.01,0.79,2.05,3.25,0.55,6.66
2020-12-02,0.02,0.79,2.11,3.35,0.51,6.77
2020-12-03,0.01,0.79,2.12,3.37,0.52,6.82
2020-12-04,0.02,0.79,2.13,3.38,0.48,6.8
2020-12-05,0.01,0.79,2.11,3.35,0.43,6.71
2020-12-06,0.01,0.71,2.01,3.18,0.44,6.36
2020-12-07,0.02,0.81,2.07,3.29,0.44,6.63
2020-12-08,0.01,0.64,2.11,3.35,0.49,6.6
2020-12-09,0.02,0.82,2.11,3.35,0.47,6.77
2020-12-10,0.01,0.81,2.11,3.35,0.49,6.77
2020-12-11,0.02,0.8,2.08,3.29,0.49,6.68
2020-12-12,0.01,0.77,1.98,3.15,0.59,6.51
2020-12-13,0.01,0.71,1.93,3.07,0.88,6.6
2020-12-14,0.02,0.79,2.02,3.21,1.18,7.22
2020-12-15,0.01,0.8,2.09,3.31,1.31,7.52
2020-12-16,0.02,0.81,2.08,3.3,1.46,7.66
2020-12-17,0.01,0.8,2.11,3.35,1.92,8.2
2020-12-18,0.02,0.8,2.17,3.44,2.3,8.73
2020-12-19,0.02,0.8,2.14,3.4,2.17,8.51
2020-12-20,0.01,0.73,2.09,3.32,2.02,8.17
2020-12-21,0.02,0.81,2.18,3.46,1.76,8.22
2020-12-22,0.01,0.81,2.24,3.56,1.57,8.2
2020-12-23,0.02,0.82,2.24,3.55,1.43,8.05
2020-12-24,0.02,0.82,2.24,3.55,1.45,8.07
2020-12-25,0.02,0.79,2.2,3.49,1.52,8.01
2020-12-26,0.02,0.78,2.24,3.56,1.66,8.27
2020-12-27,0.02,0.7,2.15,3.42,1.6,7.89
2020-12-28,0.02,0.81,2.23,3.53,1.88,8.46
2020-12-29,0.01,0.81,2.25,3.57,2.02,8.66
2020-12-30,0.02,0.82,2.22,3.52,2.12,8.68
2020-12-31,0.01,0.82,2.22,3.52,2.15,8.73
2021-01-01,0.02,0.8,2.02,3.47,1.95,8.26
2021-01-02,0.02,0.76,2.01,3.45,1.41,7.66
2021-01-03,0.02,0.68,1.94,3.33,0.9,6.86
2021-01-04,0.02,0.83,1.98,3.4,0.59,6.81
2021-01-05,0.02,0.83,1.98,3.4,0.58,6.8
2021-01-06,0.02,0.84,2.0,3.44,0.64,6.94
2021-01-07,0.02,0.83,1.99,3.42,0.84,7.09
2021-01-08,0.02,0.83,2.24,3.84,1.01,7.94
2021-01-09,0.02,0.82,1.96,3.37,0.85,7.01
2021-01-10,0.02,0.75,1.93,3.33,1.09,7.12
2021-01-11,0.02,0.83,2.05,3.52,1.49,7.91
2021-01-12,0.02,0.83,2.06,3.55,1.93,8.39
2021-01-13,0.02,0.84,2.07,3.56,2.08,8.57
2021-01-14,0.02,0.81,2.0,3.44,1.97,8.22
2021-01-15,0.02,0.84,2.0,3.44,1.84,8.13
2021-01-16,0.02,0.83,2.05,3.52,1.91,8.32
2021-01-17,0.02,0.75,2.04,3.5,1.81,8.11
2021-01-18,0.02,0.82,2.09,3.59,1.38,7.9
2021-01-19,0.02,0.82,2.17,3.74,1.18,7.93
2021-01-20,0.02,0.83,2.22,3.82,1.28,8.15
2021-01-21,0.02,0.82,2.24,3.86,1.44,8.38
2021-01-22,0.02,0.82,2.25,3.88,1.45,8.42
2021-01-23,0.02,0.83,2.23,3.84,1.39,8.3
2021-01-24,0.02,0.73,2.15,3.69,1.56,8.14
2021-01-25,0.02,0.8,2.16,3.72,1.81,8.51
2021-01-26,0.01,0.55,2.08,3.58,2.06,8.29
2021-01-27,0.02,0.81,2.16,3.71,2.16,8.85
2021-01-28,0.02,0.83,2.2,3.79,2.11,8.95
2021-01-29,0.02,0.83,2.24,3.85,2.08,9.01
2021-01-30,0.02,0.83,2.24,3.86,2.1,9.05
2021-01-31,0.02,0.76,2.18,3.75,1.85,8.55
2021-02-01,0.02,0.84,2.22,3.79,1.51,8.37
2021-02-02,0.02,0.83,2.25,3.84,1.11,8.04
2021-02-03,0.02,0.83,2.31,3.93,0.78,7.87
2021-02-04,0.02,0.84,2.19,3.72,0.8,7.56
2021-02-05,0.02,0.84,2.18,3.71,0.93,7.67
2021-02-06,0.02,0.79,2.16,3.68,1.03,7.68
2021-02-07,0.02,0.78,2.11,3.59,1.02,7.51
2021-02-08,0.02,0.83,2.15,3.67,0.79,7.45
2021-02-09,0.02,0.83,2.22,3.79,0.61,7.48
2021-02-10,0.02,0.83,2.25,3.83,0.52,7.45
2021-02-11,0.02,0.83,2.24,3.81,0.52,7.42
2021-02-12,0.02,0.84,2.24,3.81,0.51,7.42
2021-02-13,0.02,0.84,2.23,3.8,0.52,7.41
2021-02-14,0.02,0.8,2.17,3.7,0.5,7.19
2021-02-15,0.02,0.83,2.23,3.8,0.48,7.36
2021-02-16,0.02,0.84,2.24,3.81,0.48,7.39
2021-02-17,0.02,0.82,2.21,3.77,0.48,7.3
2021-02-18,0.02,0.82,2.18,3.7,0.46,7.18
2021-02-19,0.02,0.83,2.13,3.63,0.45,7.05
2021-02-20,0.02,0.83,2.11,3.59,0.43,6.98
2021-02-21,0.02,0.76,2.03,3.46,0.4,6.68
2021-02-22,0.02,0.82,2.14,3.64,0.39,7.01
2021-02-23,0.02,0.82,2.19,3.73,0.39,7.15
2021-02-24,0.02,0.83,2.23,3.79,0.39,7.25
2021-02-25,0.02,0.83,2.25,3.84,0.38,7.32
2021-02-26,0.02,0.83,2.26,3.85,0.39,7.35
2021-02-27,0.02,0.83,2.27,3.87,0.41,7.4
2021-02-28,0.02,0.76,2.23,3.8,0.42,7.23
2021-03-01,0.02,0.83,2.14,3.89,0.39,7.27
2021-03-02,0.02,0.83,2.17,3.95,0.38,7.34
2021-03-03,0.02,0.83,2.19,3.97,0.37,7.38
2021-03-04,0.02,0.82,2.19,3.98,0.37,7.38
2021-03-05,0.02,0.83,2.23,4.05,0.38,7.52
2021-03-06,0.02,0.83,2.21,4.01,0.37,7.44
2021-03-07,0.02,0.76,2.12,3.85,0.37,7.11
2021-03-08,0.02,0.82,2.2,3.99,0.38,7.4
2021-03-09,0.02,0.83,2.26,4.1,0.37,7.57
2021-03-10,0.02,0.83,2.28,4.14,0.36,7.64
2021-03-11,0.02,0.8,2.27,4.12,0.37,7.58
2021-03-12,0.02,0.84,2.18,3.97,0.39,7.39
2021-03-13,0.02,0.83,2.12,3.85,0.37,7.18
2021-03-14,0.02,0.77,2.11,3.83,0.36,7.09
2021-03-15,0.02,0.84,2.2,4.0,0.36,7.41
2021-03-16,0.02,0.82,2.23,4.05,0.35,7.46
2021-03-17,0.02,0.83,2.26,4.1,0.35,7.55
2021-03-18,0.02,0.83,2.28,4.14,0.35,7.61
2021-03-19,0.02,0.83,2.27,4.13,0.35,7.6
2021-03-20,0.02,0.83,2.26,4.1,0.34,7.55
2021-03-21,0.02,0.76,2.19,3.98,0.35,7.3
2021-03-22,0.02,0.8,2.22,4.03,0.36,7.43
2021-03-23,0.02,0.83,2.17,3.94,0.37,7.32
2021-03-24,0.02,0.83,2.21,4.02,0.37,7.45
2021-03-25,0.02,0.83,2.24,4.08,0.36,7.53
2021-03-26,0.02,0.83,2.24,4.08,0.34,7.51
2021-03-27,0.02,0.82,2.26,4.1,0.33,7.52
2021-03-28,0.02,0.6,2.18,3.95,0.32,7.07
2021-03-29,0.02,0.14,2.0,3.63,0.33,6.12
2021-03-30,0.02,0.74,2.07,3.75,0.34,6.91
2021-03-31,0.02,0.8,2.16,3.93,0.34,7.25
2021-04-01,0.02,0.81,1.95,3.92,0.35,7.05
2021-04-02,0.02,0.79,1.98,3.99,0.36,7.14
2021-04-03,0.02,0.82,2.01,4.04,0.36,7.24
2021-04-04,0.02,0.74,1.96,3.95,0.34,7.01
2021-04-05,0.02,0.83,2.01,4.06,0.34,7.26
2021-04-06,0.02,0.82,2.01,4.05,0.35,7.24
2021-04-07,0.02,0.82,2.05,4.12,0.35,7.36
2021-04-08,0.02,0.81,2.08,4.2,0.35,7.47
2021-04-09,0.02,0.82,2.06,4.15,0.35,7.4
2021-04-10,0.02,0.8,2.04,4.11,0.34,7.3
2021-04-11,0.02,0.71,1.98,3.98,0.34,7.02
2021-04-12,0.02,0.8,2.03,4.1,0.34,7.29
2021-04-13,0.02,0.77,2.06,4.16,0.34,7.35
2021-04-14,0.02,0.73,1.99,4.01,0.33,7.07
2021-04-15,0.01,0.76,1.98,3.98,0.35,7.09
2021-04-16,0.01,0.81,1.98,3.99,0.34,7.14
2021-04-17,0.01,0.48,1.93,3.89,0.35,6.68
2021-04-18,0.01,0.22,1.92,3.86,0.35,6.35
2021-04-19,0.01,0.8,1.95,3.93,0.34,7.05
2021-04-20,0.01,0.5,1.99,4.0,0.34,6.85
2021-04-21,0.01,0.49,1.95,3.93,0.35,6.72
2021-04-22,0.01,0.52,1.88,3.79,0.37,6.58
2021-04-23,0.01,0.51,1.85,3.73,0.38,6.48
2021-04-24,0.01,0.38,1.88,3.8,0.34,6.42
2021-04-25,0.01,0.21,1.83,3.69,0.32,6.07
2021-04-26,0.01,0.46,1.94,3.91,0.32,6.65
2021-04-27,0.01,0.42,1.96,3.96,0.31,6.67
2021-04-28,0.01,0.45,1.98,4.0,0.31,6.75
2021-04-29,0.01,0.41,1.98,3.99,0.31,6.7
2021-04-30,0.01,0.39,1.97,3.96,0.31,6.65
2021-05-01,0.01,0.26,2.0,3.78,0.3,6.34
2021-05-02,0.01,0.14,1.94,3.67,0.3,6.07
2021-05-03,0.01,0.31,1.95,3.69,0.3,6.25
2021-05-04,0.01,0.32,1.96,3.7,0.31,6.3
2021-05-05,0.01,0.33,1.93,3.65,0.31,6.23
2021-05-06,0.01,0.35,1.9,3.59,0.31,6.15
2021-05-07,0.01,0.32,1.89,3.57,0.31,6.1
2021-05-08,0.01,0.29,1.94,3.68,0.31,6.22
2021-05-09,0.01,0.16,1.86,3.52,0.31,5.86
2021-05-10,0.01,0.32,1.88,3.56,0.3,6.06
2021-05-11,0.01,0.27,1.83,3.46,0.31,5.88
2021-05-12,0.01,0.31,1.74,3.29,0.32,5.66
2021-05-13,0.01,0.31,1.64,3.11,0.32,5.39
2021-05-14,0.01,0.18,1.75,3.32,0.31,5.58
2021-05-15,0.01,0.26,1.76,3.34,0.31,5.68
2021-05-16,0.01,0.14,1.61,3.04,0.3,5.09
2021-05-17,0.0,0.37,1.59,3.0,0.3,5.26
2021-05-18,0.01,0.37,1.52,2.89,0.29,5.07
2021-05-19,0.01,0.48,1.46,2.77,0.3,5.01
2021-05-20,0.01,0.39,1.44,2.73,0.3,4.88
2021-05-21,0.01,0.39,1.47,2.77,0.31,4.94
2021-05-22,0.01,0.36,1.55,2.93,0.3,5.14
2021-05-23,0.01,0.15,1.56,2.95,0.31,4.98
2021-05-24,0.01,0.39,1.62,3.07,0.3,5.39
2021-05-25,0.0,0.39,1.6,3.03,0.29,5.32
2021-05-26,0.0,0.36,1.55,2.93,0.29,5.14
2021-05-27,0.01,0.41,1.53,2.9,0.28,5.13
2021-05-28,0.01,0.39,1.59,3.01,0.28,5.27
2021-05-29,0.01,0.38,1.68,3.17,0.28,5.51
2021-05-30,0.01,0.18,1.6,3.03,0.28,5.09
2021-05-31,0.01,0.54,1.65,3.13,0.29,5.61
2021-06-01,0.01,0.56,1.74,2.95,0.3,5.56
2021-06-02,0.01,0.6,1.9,3.21,0.29,6.0
2021-06-03,0.01,0.6,1.98,3.34,0.29,6.21
2021-06-04,0.01,0.65,2.03,3.43,0.29,6.4
2021-06-05,0.01,0.6,1.97,3.32,0.28,6.18
2021-06-06,0.01,0.32,1.9,3.21,0.28,5.71
2021-06-07,0.01,0.71,1.95,3.29,0.27,6.23
2021-06-08,0.01,0.66,1.96,3.31,0.27,6.21
2021-06-09,0.01,0.68,1.92,3.25,0.27,6.13
2021-06-10,0.01,0.67,1.88,3.18,0.27,6.0
2021-06-11,0.01,0.71,1.77,2.99,0.27,5.75
2021-06-12,0.01,0.68,1.75,2.96,0.28,5.67
2021-06-13,0.01,0.53,1.63,2.76,0.28,5.21
2021-06-14,0.01,0.74,1.78,3.01,0.29,5.82
2021-06-15,0.01,0.73,1.77,2.99,0.29,5.78
2021-06-16,0.01,0.76,1.79,3.03,0.29,5.88
2021-06-17,0.01,0.75,1.82,3.08,0.29,5.95
2021-06-18,0.01,0.75,1.84,3.12,0.29,6.0
2021-06-19,0.01,0.77,1.79,3.03,0.28,5.88
2021-06-20,0.01,0.6,1.66,2.81,0.29,5.37
2021-06-21,0.01,0.76,1.86,3.15,0.28,6.07
2021-06-22,0.01,0.75,2.02,3.42,0.28,6.48
2021-06-23,0.01,0.75,2.08,3.53,0.28,6.65
2021-06-24,0.01,0.75,2.02,3.42,0.29,6.48
2021-06-25,0.01,0.77,2.01,3.39,0.29,6.46
2021-06-26,0.01,0.77,2.0,3.38,0.29,6.45
2021-06-27,0.01,0.62,2.03,3.44,0.28,6.38
2021-06-28,0.01,0.78,2.2,3.72,0.27,6.98
2021-06-29,0.01,0.77,2.3,3.89,0.27,7.23
2021-06-30,0.01,0.78,2.25,3.8,0.27,7.1
2021-07-01,0.01,0.78,2.18,3.68,0.27,6.91
2021-07-02,0.01,0.81,2.08,3.51,0.27,6.68
2021-07-03,0.01,0.8,2.13,3.58,0.27,6.79
2021-07-04,0.01,0.67,2.18,3.67,0.27,6.8
2021-07-05,0.01,0.79,2.31,3.9,0.27,7.29
2021-07-06,0.01,0.79,2.4,4.05,0.26,7.51
2021-07-07,0.01,0.8,2.37,3.99,0.27,7.44
2021-07-08,0.01,0.79,2.3,3.88,0.26,7.24
2021-07-09,0.01,0.79,2.27,3.83,0.26,7.16
2021-07-10,0.01,0.78,2.27,3.83,0.26,7.15
2021-07-11,0.01,0.67,2.14,3.61,0.26,6.69
2021-07-12,0.01,0.8,2.1,3.55,0.26,6.72
2021-07-13,0.01,0.83,2.08,3.51,0.26,6.7
2021-07-14,0.01,0.82,2.04,3.44,0.27,6.58
2021-07-15,0.01,0.8,2.08,3.51,0.26,6.67
2021-07-16,0.01,0.8,2.2,3.71,0.26,6.99
2021-07-17,0.01,0.8,1.95,3.29,0.26,6.31
2021-07-18,0.01,0.72,2.23,3.76,0.26,6.97
2021-07-19,0.01,0.81,1.79,3.02,0.26,5.88
2021-07-20,0.01,0.85,1.73,2.93,0.27,5.79
2021-07-21,0.01,0.73,1.72,2.89,0.27,5.62
2021-07-22,0.01,0.79,1.77,2.99,0.26,5.82
2021-07-23,0.01,0.8,1.88,3.17,0.26,6.12
2021-07-24,0.01,0.79,1.86,3.14,0.26,6.07
2021-07-25,0.01,0.68,1.82,3.07,0.26,5.84
2021-07-26,0.01,0.8,1.87,3.15,0.26,6.08
2021-07-27,0.01,0.84,1.83,3.08,0.26,6.02
2021-07-28,0.01,0.82,1.67,2.82,0.26,5.58
2021-07-29,0.01,0.83,1.67,2.82,0.26,5.6
2021-07-30,0.01,0.84,1.64,2.76,0.26,5.51
2021-07-31,0.01,0.82,1.64,2.77,0.26,5.5
2021-08-01,0.02,0.75,1.48,2.61,0.26,5.12
2021-08-02,0.01,0.82,1.63,2.88,0.26,5.6
2021-08-03,0.01,0.82,1.69,2.98,0.26,5.76
2021-08-04,0.01,0.82,1.75,3.08,0.26,5.92
2021-08-05,0.01,0.81,1.85,3.27,0.26,6.21
2021-08-06,0.01,0.81,1.93,3.41,0.26,6.43
2021-08-07,0.01,0.83,2.03,3.58,0.26,6.71
2021-08-08,0.01,0.77,1.98,3.49,0.26,6.51
2021-08-09,0.01,0.81,2.05,3.62,0.26,6.75
2021-08-10,0.01,0.82,2.08,3.68,0.26,6.85
2021-08-11,0.01,0.81,2.1,3.71,0.26,6.9
2021-08-12,0.01,0.81,2.15,3.79,0.26,7.01
2021-08-13,0.01,0.83,2.17,3.83,0.26,7.09
2021-08-14,0.01,0.81,2.13,3.76,0.27,6.97
2021-08-15,0.01,0.46,2.03,3.58,0.28,6.36
2021-08-16,0.01,0.81,2.18,3.86,0.27,7.13
2021-08-17,0.01,0.81,2.25,3.97,0.26,7.31
2021-08-18,0.01,0.82,2.17,3.83,0.26,7.09
2021-08-19,0.01,0.81,2.11,3.74,0.26,6.94
2021-08-20,0.01,0.81,2.09,3.69,0.26,6.87
2021-08-21,0.01,0.86,2.02,3.57,0.26,6.72
2021-08-22,0.01,0.83,1.91,3.37,0.26,6.38
2021-08-23,0.01,0.79,1.97,3.47,0.26,6.5
2021-08-24,0.01,0.8,2.03,3.59,0.26,6.7
2021-08-25,0.01,0.81,2.04,3.6,0.26,6.71
2021-08-26,0.01,0.8,2.03,3.59,0.26,6.69
2021-08-27,0.01,0.74,2.08,3.67,0.26,6.77
2021-08-28,0.01,0.81,2.09,3.7,0.27,6.89
2021-08-29,0.01,0.73,2.02,3.57,0.27,6.6
2021-08-30,0.01,0.71,2.01,3.56,0.27,6.57
2021-08-31,0.01,0.83,1.98,3.5,0.27,6.6
2021-09-01,0.02,0.84,2.21,3.47,0.28,6.81
2021-09-02,0.01,0.84,2.23,3.51,0.27,6.86
2021-09-03,0.01,0.84,2.24,3.52,0.27,6.88
2021-09-04,0.01,0.83,2.15,3.37,0.27,6.63
2021-09-05,0.01,0.76,2.1,3.3,0.27,6.44
2021-09-06,0.01,0.83,2.2,3.45,0.27,6.76
2021-09-07,0.01,0.83,2.11,3.31,0.27,6.53
2021-09-08,0.01,0.83,2.05,3.22,0.27,6.39
2021-09-09,0.01,0.82,2.12,3.34,0.27,6.57
2021-09-10,0.01,0.83,2.05,3.22,0.28,6.4
2021-09-11,0.01,0.83,1.91,3.01,0.28,6.05
2021-09-12,0.01,0.8,1.75,2.75,0.29,5.6
2021-09-13,0.01,0.84,1.82,2.86,0.28,5.81
2021-09-14,0.01,0.84,1.83,2.87,0.28,5.82
2021-09-15,0.01,0.84,1.93,3.03,0.27,6.08
2021-09-16,0.01,0.84,1.96,3.08,0.27,6.16
2021-09-17,0.01,0.83,2.02,3.17,0.27,6.31
2021-09-18,0.01,0.84,2.13,3.35,0.27,6.6
2021-09-19,0.01,0.77,2.17,3.41,0.27,6.64
2021-09-20,0.01,0.82,2.23,3.51,0.27,6.84
2021-09-21,0.01,0.82,2.16,3.39,0.28,6.66
2021-09-22,0.01,0.83,2.06,3.24,0.28,6.43
2021-09-23,0.01,0.82,2.05,3.22,0.29,6.4
2021-09-24,0.01,0.83,2.09,3.28,0.28,6.5
2021-09-25,0.01,0.83,2.06,3.24,0.28,6.42
2021-09-26,0.01,0.76,2.0,3.14,0.27,6.18
2021-09-27,0.01,0.81,2.03,3.19,0.27,6.32
2021-09-28,0.01,0.83,1.99,3.12,0.27,6.23
2021-09-29,0.01,0.83,1.99,3.13,0.27,6.24
2021-09-30,0.01,0.83,2.07,3.25,0.27,6.44
2021-10-01,0.02,0.84,2.11,3.36,0.27,6.6
2021-10-02,0.02,0.71,2.03,3.23,0.27,6.25
2021-10-03,0.02,0.75,1.98,3.15,0.28,6.17
2021-10-04,0.02,0.84,2.09,3.33,0.28,6.55
2021-10-05,0.01,0.83,2.16,3.43,0.29,6.72
2021-10-06,0.02,0.83,2.2,3.5,0.28,6.83
2021-10-07,0.02,0.82,2.2,3.51,0.28,6.82
2021-10-08,0.02,0.84,2.22,3.54,0.28,6.89
2021-10-09,0.02,0.82,2.15,3.43,0.28,6.71
2021-10-10,0.02,0.77,2.09,3.33,0.29,6.51
2021-10-11,0.02,0.82,2.18,3.48,0.3,6.8
2021-10-12,0.02,0.83,2.21,3.52,0.3,6.87
2021-10-13,0.02,0.82,2.21,3.52,0.3,6.88
2021-10-14,0.02,0.83,2.18,3.48,0.3,6.8
2021-10-15,0.02,0.72,2.12,3.38,0.29,6.52
2021-10-16,0.02,0.81,2.17,3.45,0.29,6.72
2021-10-17,0.02,0.79,2.0,3.18,0.31,6.3
2021-10-18,0.02,0.84,1.89,3.01,0.32,6.07
2021-10-19,0.02,0.8,1.98,3.16,0.31,6.27
2021-10-20,0.02,0.83,2.06,3.28,0.31,6.49
2021-10-21,0.02,0.83,2.04,3.24,0.3,6.43
2021-10-22,0.02,0.84,2.04,3.25,0.31,6.47
2021-10-23,0.02,0.83,2.02,3.22,0.35,6.44
2021-10-24,0.02,0.62,1.93,3.08,0.37,6.01
2021-10-25,0.02,0.83,2.02,3.22,0.36,6.45
2021-10-26,0.02,0.83,2.07,3.29,0.36,6.56
2021-10-27,0.02,0.83,2.04,3.25,0.36,6.5
2021-10-28,0.02,0.82,2.02,3.21,0.36,6.42
2021-10-29,0.02,0.84,2.04,3.25,0.35,6.5
2021-10-30,0.02,0.84,2.0,3.18,0.36,6.4
2021-10-31,0.02,0.79,1.95,3.1,0.36,6.21
