date,Domestic Aviation,Ground Transport,Industry,Power,Residential,日本
2019-01-01,0.03,0.49,0.51,1.3,0.6,2.92
2019-01-02,0.03,0.47,0.5,1.27,0.63,2.91
2019-01-03,0.03,0.49,0.52,1.33,0.64,3.01
2019-01-04,0.03,0.5,0.58,1.47,0.57,3.14
2019-01-05,0.02,0.48,0.59,1.48,0.55,3.13
2019-01-06,0.03,0.46,0.61,1.54,0.64,3.27
2019-01-07,0.02,0.49,0.7,1.76,0.61,3.59
2019-01-08,0.02,0.49,0.73,1.85,0.58,3.67
2019-01-09,0.02,0.49,0.74,1.88,0.67,3.82
2019-01-10,0.03,0.5,0.78,1.97,0.61,3.89
2019-01-11,0.02,0.5,0.75,1.89,0.58,3.74
2019-01-12,0.02,0.48,0.7,1.79,0.6,3.6
2019-01-13,0.02,0.46,0.62,1.56,0.6,3.25
2019-01-14,0.02,0.48,0.65,1.65,0.61,3.4
2019-01-15,0.02,0.49,0.76,1.91,0.56,3.75
2019-01-16,0.02,0.49,0.74,1.86,0.62,3.73
2019-01-17,0.02,0.5,0.73,1.85,0.59,3.7
2019-01-18,0.02,0.5,0.73,1.85,0.62,3.72
2019-01-19,0.02,0.48,0.66,1.66,0.56,3.38
2019-01-20,0.02,0.46,0.62,1.58,0.56,3.24
2019-01-21,0.02,0.49,0.71,1.79,0.62,3.63
2019-01-22,0.02,0.49,0.73,1.85,0.62,3.72
2019-01-23,0.02,0.49,0.72,1.84,0.55,3.63
2019-01-24,0.02,0.5,0.73,1.86,0.63,3.74
2019-01-25,0.02,0.5,0.75,1.89,0.61,3.77
2019-01-26,0.02,0.48,0.71,1.8,0.69,3.7
2019-01-27,0.02,0.46,0.66,1.66,0.65,3.44
2019-01-28,0.02,0.49,0.76,1.92,0.58,3.77
2019-01-29,0.02,0.49,0.74,1.88,0.64,3.79
2019-01-30,0.02,0.49,0.74,1.87,0.57,3.7
2019-01-31,0.02,0.5,0.77,1.96,0.62,3.88
2019-02-01,0.02,0.5,0.89,1.88,0.69,3.99
2019-02-02,0.02,0.48,0.77,1.64,0.59,3.51
2019-02-03,0.02,0.46,0.71,1.52,0.45,3.17
2019-02-04,0.02,0.49,0.74,1.58,0.51,3.35
2019-02-05,0.02,0.49,0.81,1.72,0.55,3.59
2019-02-06,0.02,0.49,0.88,1.86,0.56,3.81
2019-02-07,0.02,0.5,0.82,1.73,0.49,3.56
2019-02-08,0.02,0.5,0.86,1.83,0.68,3.89
2019-02-09,0.02,0.48,0.87,1.85,0.71,3.94
2019-02-10,0.02,0.46,0.75,1.6,0.68,3.52
2019-02-11,0.02,0.49,0.85,1.81,0.66,3.84
2019-02-12,0.02,0.47,0.86,1.83,0.63,3.82
2019-02-13,0.02,0.49,0.87,1.84,0.63,3.86
2019-02-14,0.02,0.5,0.9,1.91,0.68,4.01
2019-02-15,0.02,0.5,0.93,1.97,0.62,4.04
2019-02-16,0.02,0.48,0.78,1.66,0.59,3.54
2019-02-17,0.02,0.46,0.7,1.5,0.62,3.31
2019-02-18,0.02,0.49,0.79,1.67,0.52,3.49
2019-02-19,0.02,0.49,0.86,1.82,0.45,3.64
2019-02-20,0.02,0.49,0.75,1.59,0.44,3.29
2019-02-21,0.02,0.5,0.75,1.6,0.53,3.4
2019-02-22,0.02,0.5,0.76,1.61,0.49,3.38
2019-02-23,0.03,0.48,0.66,1.41,0.55,3.14
2019-02-24,0.02,0.46,0.63,1.34,0.49,2.95
2019-02-25,0.02,0.49,0.71,1.51,0.43,3.17
2019-02-26,0.02,0.49,0.72,1.53,0.52,3.29
2019-02-27,0.02,0.49,0.79,1.67,0.5,3.47
2019-02-28,0.02,0.5,0.82,1.74,0.5,3.59
2019-03-01,0.02,0.5,0.86,1.55,0.48,3.42
2019-03-02,0.02,0.48,0.77,1.38,0.47,3.13
2019-03-03,0.02,0.46,0.81,1.45,0.48,3.22
2019-03-04,0.02,0.49,0.93,1.66,0.5,3.6
2019-03-05,0.02,0.49,0.84,1.5,0.42,3.27
2019-03-06,0.02,0.49,0.9,1.61,0.41,3.44
2019-03-07,0.02,0.5,0.9,1.62,0.53,3.58
2019-03-08,0.02,0.5,0.85,1.53,0.56,3.47
2019-03-09,0.02,0.48,0.74,1.33,0.41,2.99
2019-03-10,0.02,0.46,0.72,1.29,0.38,2.87
2019-03-11,0.02,0.49,0.8,1.43,0.42,3.17
2019-03-12,0.02,0.49,0.79,1.42,0.43,3.16
2019-03-13,0.02,0.49,0.8,1.44,0.52,3.28
2019-03-14,0.02,0.5,0.86,1.54,0.55,3.48
2019-03-15,0.02,0.5,0.84,1.51,0.49,3.37
2019-03-16,0.02,0.48,0.77,1.39,0.52,3.2
2019-03-17,0.02,0.44,0.74,1.34,0.54,3.09
2019-03-18,0.02,0.49,0.81,1.46,0.44,3.23
2019-03-19,0.02,0.49,0.84,1.5,0.4,3.25
2019-03-20,0.02,0.49,0.76,1.36,0.27,2.91
2019-03-21,0.02,0.49,0.74,1.33,0.24,2.84
2019-03-22,0.02,0.49,0.73,1.32,0.43,3.0
2019-03-23,0.02,0.48,0.77,1.38,0.59,3.24
2019-03-24,0.03,0.46,0.71,1.27,0.53,2.99
2019-03-25,0.03,0.49,0.81,1.46,0.42,3.21
2019-03-26,0.02,0.49,0.78,1.4,0.39,3.09
2019-03-27,0.02,0.49,0.75,1.34,0.29,2.89
2019-03-28,0.02,0.49,0.77,1.38,0.44,3.11
2019-03-29,0.03,0.5,0.79,1.41,0.44,3.16
2019-03-30,0.03,0.48,0.77,1.38,0.43,3.08
2019-03-31,0.02,0.45,0.67,1.2,0.49,2.83
2019-04-01,0.02,0.49,0.85,1.43,0.55,3.34
2019-04-02,0.02,0.49,0.92,1.55,0.56,3.55
2019-04-03,0.02,0.49,0.91,1.54,0.53,3.5
2019-04-04,0.02,0.5,0.85,1.43,0.39,3.19
2019-04-05,0.02,0.5,0.79,1.34,0.28,2.94
2019-04-06,0.02,0.49,0.67,1.13,0.3,2.62
2019-04-07,0.02,0.45,0.64,1.08,0.28,2.47
2019-04-08,0.02,0.49,0.77,1.3,0.41,2.99
2019-04-09,0.02,0.49,0.81,1.37,0.4,3.1
2019-04-10,0.02,0.49,0.95,1.61,0.51,3.59
2019-04-11,0.01,0.5,0.88,1.49,0.43,3.32
2019-04-12,0.02,0.5,0.88,1.49,0.45,3.35
2019-04-13,0.02,0.49,0.71,1.21,0.34,2.77
2019-04-14,0.02,0.45,0.7,1.18,0.3,2.66
2019-04-15,0.02,0.49,0.73,1.23,0.34,2.81
2019-04-16,0.02,0.5,0.74,1.25,0.27,2.78
2019-04-17,0.02,0.49,0.78,1.32,0.26,2.87
2019-04-18,0.02,0.5,0.72,1.22,0.19,2.65
2019-04-19,0.02,0.5,0.74,1.25,0.26,2.78
2019-04-20,0.02,0.49,0.62,1.06,0.26,2.46
2019-04-21,0.02,0.45,0.6,1.02,0.18,2.28
2019-04-22,0.02,0.49,0.69,1.17,0.18,2.55
2019-04-23,0.02,0.5,0.74,1.25,0.16,2.67
2019-04-24,0.02,0.49,0.79,1.34,0.15,2.8
2019-04-25,0.02,0.5,0.75,1.28,0.17,2.72
2019-04-26,0.03,0.5,0.74,1.26,0.34,2.87
2019-04-27,0.03,0.49,0.63,1.07,0.43,2.65
2019-04-28,0.03,0.45,0.56,0.95,0.31,2.3
2019-04-29,0.03,0.49,0.6,1.02,0.26,2.39
2019-04-30,0.03,0.5,0.63,1.06,0.22,2.43
2019-05-01,0.03,0.49,0.61,0.97,0.2,2.3
2019-05-02,0.03,0.5,0.52,0.84,0.2,2.08
2019-05-03,0.03,0.5,0.51,0.81,0.16,2.01
2019-05-04,0.03,0.49,0.51,0.81,0.18,2.02
2019-05-05,0.03,0.45,0.52,0.82,0.14,1.95
2019-05-06,0.03,0.49,0.61,0.97,0.2,2.29
2019-05-07,0.02,0.5,0.68,1.08,0.32,2.6
2019-05-08,0.02,0.49,0.71,1.13,0.18,2.55
2019-05-09,0.02,0.5,0.76,1.22,0.17,2.67
2019-05-10,0.02,0.5,0.72,1.15,0.15,2.55
2019-05-11,0.02,0.49,0.66,1.05,0.15,2.38
2019-05-12,0.02,0.45,0.61,0.98,0.18,2.25
2019-05-13,0.02,0.49,0.73,1.17,0.15,2.57
2019-05-14,0.02,0.5,0.82,1.32,0.16,2.82
2019-05-15,0.02,0.49,0.77,1.23,0.14,2.67
2019-05-16,0.02,0.5,0.77,1.22,0.13,2.64
2019-05-17,0.02,0.5,0.76,1.22,0.13,2.64
2019-05-18,0.02,0.49,0.7,1.12,0.13,2.47
2019-05-19,0.02,0.45,0.64,1.02,0.13,2.25
2019-05-20,0.02,0.49,0.78,1.24,0.13,2.66
2019-05-21,0.02,0.5,0.78,1.25,0.15,2.7
2019-05-22,0.02,0.49,0.71,1.13,0.13,2.5
2019-05-23,0.02,0.5,0.72,1.15,0.12,2.52
2019-05-24,0.03,0.5,0.74,1.18,0.12,2.57
2019-05-25,0.03,0.49,0.68,1.08,0.11,2.38
2019-05-26,0.02,0.45,0.67,1.06,0.11,2.32
2019-05-27,0.02,0.49,0.83,1.32,0.11,2.78
2019-05-28,0.02,0.49,0.87,1.4,0.13,2.92
2019-05-29,0.02,0.49,0.78,1.24,0.14,2.68
2019-05-30,0.02,0.5,0.74,1.19,0.12,2.57
2019-05-31,0.03,0.5,0.82,1.3,0.13,2.78
2019-06-01,0.02,0.49,0.64,1.08,0.13,2.36
2019-06-02,0.02,0.45,0.64,1.08,0.13,2.33
2019-06-03,0.03,0.49,0.73,1.24,0.12,2.61
2019-06-04,0.02,0.49,0.79,1.34,0.12,2.77
2019-06-05,0.02,0.49,0.81,1.37,0.12,2.82
2019-06-06,0.02,0.5,0.81,1.37,0.12,2.82
2019-06-07,0.02,0.5,0.85,1.44,0.13,2.95
2019-06-08,0.02,0.49,0.69,1.17,0.13,2.51
2019-06-09,0.02,0.45,0.63,1.07,0.15,2.33
2019-06-10,0.02,0.49,0.77,1.3,0.16,2.74
2019-06-11,0.02,0.49,0.75,1.26,0.14,2.66
2019-06-12,0.02,0.49,0.74,1.25,0.14,2.66
2019-06-13,0.02,0.5,0.74,1.24,0.12,2.63
2019-06-14,0.02,0.5,0.78,1.32,0.12,2.75
2019-06-15,0.02,0.49,0.7,1.18,0.14,2.53
2019-06-16,0.02,0.45,0.58,0.98,0.14,2.18
2019-06-17,0.03,0.49,0.67,1.13,0.14,2.46
2019-06-18,0.02,0.49,0.76,1.27,0.13,2.67
2019-06-19,0.02,0.49,0.77,1.3,0.12,2.71
2019-06-20,0.02,0.5,0.8,1.35,0.12,2.79
2019-06-21,0.02,0.5,0.83,1.4,0.12,2.88
2019-06-22,0.02,0.49,0.72,1.22,0.12,2.58
2019-06-23,0.02,0.45,0.65,1.1,0.12,2.36
2019-06-24,0.02,0.49,0.77,1.3,0.13,2.71
2019-06-25,0.02,0.49,0.78,1.31,0.12,2.72
2019-06-26,0.02,0.49,0.83,1.4,0.12,2.87
2019-06-27,0.02,0.5,0.89,1.5,0.12,3.04
2019-06-28,0.02,0.5,0.87,1.47,0.12,2.99
2019-06-29,0.02,0.49,0.75,1.27,0.12,2.66
2019-06-30,0.02,0.45,0.7,1.18,0.12,2.48
2019-07-01,0.02,0.49,0.74,1.38,0.12,2.75
2019-07-02,0.02,0.49,0.75,1.41,0.12,2.79
2019-07-03,0.02,0.49,0.76,1.42,0.12,2.82
2019-07-04,0.03,0.5,0.76,1.41,0.12,2.81
2019-07-05,0.03,0.5,0.73,1.37,0.12,2.75
2019-07-06,0.03,0.49,0.62,1.17,0.12,2.42
2019-07-07,0.03,0.45,0.58,1.08,0.12,2.25
2019-07-08,0.02,0.49,0.71,1.33,0.12,2.67
2019-07-09,0.03,0.49,0.74,1.39,0.12,2.77
2019-07-10,0.03,0.49,0.73,1.36,0.12,2.72
2019-07-11,0.03,0.5,0.74,1.39,0.12,2.77
2019-07-12,0.03,0.5,0.73,1.37,0.12,2.74
2019-07-13,0.03,0.49,0.65,1.22,0.11,2.51
2019-07-14,0.03,0.45,0.62,1.15,0.11,2.36
2019-07-15,0.03,0.49,0.65,1.21,0.11,2.49
2019-07-16,0.03,0.49,0.75,1.41,0.11,2.8
2019-07-17,0.03,0.49,0.79,1.47,0.11,2.89
2019-07-18,0.02,0.5,0.84,1.56,0.11,3.04
2019-07-19,0.03,0.5,0.83,1.54,0.11,3.01
2019-07-20,0.03,0.49,0.73,1.37,0.11,2.73
2019-07-21,0.03,0.45,0.69,1.28,0.11,2.56
2019-07-22,0.03,0.49,0.81,1.51,0.11,2.95
2019-07-23,0.03,0.49,0.82,1.54,0.11,3.0
2019-07-24,0.03,0.49,0.85,1.58,0.11,3.06
2019-07-25,0.03,0.5,0.88,1.64,0.11,3.15
2019-07-26,0.03,0.5,0.88,1.65,0.11,3.17
2019-07-27,0.03,0.49,0.77,1.45,0.11,2.85
2019-07-28,0.03,0.45,0.71,1.33,0.11,2.64
2019-07-29,0.03,0.49,0.91,1.7,0.11,3.23
2019-07-30,0.03,0.49,0.95,1.78,0.11,3.36
2019-07-31,0.03,0.49,0.98,1.82,0.11,3.43
2019-08-01,0.03,0.5,0.77,1.88,0.11,3.29
2019-08-02,0.03,0.5,0.79,1.91,0.11,3.34
2019-08-03,0.03,0.49,0.69,1.66,0.11,2.98
2019-08-04,0.03,0.45,0.63,1.52,0.11,2.74
2019-08-05,0.02,0.49,0.74,1.8,0.11,3.18
2019-08-06,0.02,0.49,0.79,1.92,0.11,3.34
2019-08-07,0.03,0.49,0.78,1.89,0.11,3.3
2019-08-08,0.02,0.5,0.78,1.88,0.11,3.29
2019-08-09,0.03,0.5,0.75,1.83,0.11,3.23
2019-08-10,0.03,0.49,0.64,1.56,0.11,2.84
2019-08-11,0.03,0.45,0.59,1.43,0.11,2.62
2019-08-12,0.03,0.49,0.6,1.44,0.11,2.67
2019-08-13,0.03,0.49,0.62,1.5,0.11,2.76
2019-08-14,0.02,0.49,0.62,1.49,0.11,2.74
2019-08-15,0.02,0.5,0.59,1.43,0.11,2.64
2019-08-16,0.03,0.5,0.61,1.47,0.11,2.73
2019-08-17,0.03,0.49,0.59,1.43,0.11,2.65
2019-08-18,0.03,0.45,0.59,1.44,0.11,2.63
2019-08-19,0.03,0.49,0.71,1.72,0.11,3.06
2019-08-20,0.03,0.49,0.72,1.74,0.11,3.09
2019-08-21,0.03,0.49,0.71,1.72,0.11,3.06
2019-08-22,0.03,0.5,0.71,1.73,0.11,3.08
2019-08-23,0.03,0.5,0.69,1.67,0.11,3.0
2019-08-24,0.03,0.49,0.56,1.36,0.11,2.56
2019-08-25,0.03,0.45,0.51,1.23,0.12,2.33
2019-08-26,0.03,0.49,0.61,1.47,0.11,2.71
2019-08-27,0.03,0.49,0.65,1.58,0.11,2.86
2019-08-28,0.03,0.49,0.66,1.6,0.11,2.89
2019-08-29,0.03,0.5,0.67,1.63,0.11,2.94
2019-08-30,0.03,0.5,0.66,1.59,0.11,2.89
2019-08-31,0.03,0.49,0.54,1.31,0.11,2.48
2019-09-01,0.03,0.45,0.66,1.25,0.12,2.5
2019-09-02,0.02,0.49,0.82,1.56,0.12,3.0
2019-09-03,0.03,0.49,0.86,1.64,0.12,3.13
2019-09-04,0.02,0.49,0.84,1.6,0.12,3.07
2019-09-05,0.02,0.5,0.84,1.6,0.12,3.08
2019-09-06,0.03,0.5,0.87,1.67,0.12,3.19
2019-09-07,0.03,0.49,0.79,1.51,0.12,2.93
2019-09-08,0.02,0.45,0.77,1.48,0.12,2.84
2019-09-09,0.02,0.49,0.92,1.76,0.12,3.31
2019-09-10,0.03,0.49,0.98,1.88,0.12,3.5
2019-09-11,0.03,0.49,0.98,1.87,0.12,3.49
2019-09-12,0.02,0.5,0.83,1.59,0.12,3.07
2019-09-13,0.03,0.5,0.79,1.51,0.12,2.95
2019-09-14,0.03,0.49,0.68,1.3,0.12,2.61
2019-09-15,0.03,0.45,0.66,1.27,0.12,2.53
2019-09-16,0.03,0.49,0.74,1.42,0.12,2.8
2019-09-17,0.03,0.49,0.81,1.54,0.12,2.98
2019-09-18,0.03,0.49,0.8,1.52,0.12,2.96
2019-09-19,0.03,0.5,0.71,1.36,0.13,2.73
2019-09-20,0.02,0.5,0.72,1.38,0.13,2.77
2019-09-21,0.02,0.49,0.67,1.29,0.13,2.6
2019-09-22,0.02,0.45,0.63,1.2,0.12,2.43
2019-09-23,0.03,0.49,0.71,1.36,0.12,2.72
2019-09-24,0.03,0.49,0.77,1.46,0.12,2.87
2019-09-25,0.03,0.49,0.72,1.38,0.13,2.76
2019-09-26,0.03,0.5,0.74,1.41,0.12,2.8
2019-09-27,0.03,0.5,0.77,1.47,0.12,2.89
2019-09-28,0.03,0.49,0.71,1.36,0.12,2.71
2019-09-29,0.02,0.45,0.67,1.27,0.12,2.53
2019-09-30,0.02,0.49,0.78,1.5,0.12,2.91
2019-10-01,0.02,0.49,0.86,1.56,0.12,3.05
2019-10-02,0.02,0.49,0.87,1.57,0.11,3.08
2019-10-03,0.02,0.5,0.87,1.57,0.11,3.07
2019-10-04,0.02,0.5,0.85,1.53,0.12,3.02
2019-10-05,0.03,0.49,0.69,1.24,0.13,2.57
2019-10-06,0.03,0.45,0.64,1.15,0.14,2.42
2019-10-07,0.03,0.49,0.76,1.37,0.13,2.78
2019-10-08,0.03,0.49,0.81,1.45,0.13,2.91
2019-10-09,0.03,0.49,0.71,1.27,0.16,2.66
2019-10-10,0.03,0.5,0.73,1.31,0.13,2.69
2019-10-11,0.02,0.5,0.78,1.4,0.12,2.83
2019-10-12,0.0,0.49,0.64,1.15,0.13,2.42
2019-10-13,0.02,0.45,0.55,0.99,0.15,2.16
2019-10-14,0.03,0.49,0.66,1.19,0.17,2.54
2019-10-15,0.03,0.49,0.71,1.27,0.21,2.7
2019-10-16,0.03,0.49,0.7,1.27,0.22,2.72
2019-10-17,0.03,0.5,0.75,1.34,0.17,2.79
2019-10-18,0.03,0.5,0.78,1.4,0.17,2.88
2019-10-19,0.02,0.49,0.69,1.25,0.14,2.6
2019-10-20,0.03,0.45,0.59,1.06,0.15,2.28
2019-10-21,0.02,0.49,0.69,1.23,0.16,2.6
2019-10-22,0.03,0.46,0.66,1.2,0.19,2.54
2019-10-23,0.03,0.5,0.71,1.28,0.14,2.66
2019-10-24,0.02,0.5,0.77,1.39,0.17,2.86
2019-10-25,0.03,0.51,0.77,1.38,0.19,2.87
2019-10-26,0.03,0.49,0.64,1.15,0.15,2.46
2019-10-27,0.03,0.45,0.57,1.03,0.2,2.28
2019-10-28,0.02,0.5,0.66,1.18,0.2,2.57
2019-10-29,0.02,0.5,0.76,1.38,0.25,2.92
2019-10-30,0.02,0.49,0.69,1.25,0.21,2.67
2019-10-31,0.02,0.5,0.69,1.25,0.22,2.68
2019-11-01,0.03,0.5,0.65,1.21,0.22,2.61
2019-11-02,0.03,0.5,0.6,1.11,0.26,2.49
2019-11-03,0.02,0.47,0.59,1.1,0.24,2.42
2019-11-04,0.03,0.48,0.62,1.14,0.32,2.58
2019-11-05,0.02,0.5,0.69,1.27,0.33,2.81
2019-11-06,0.02,0.49,0.71,1.31,0.32,2.85
2019-11-07,0.02,0.49,0.74,1.37,0.27,2.89
2019-11-08,0.03,0.5,0.71,1.31,0.33,2.88
2019-11-09,0.03,0.48,0.65,1.2,0.33,2.69
2019-11-10,0.02,0.45,0.61,1.13,0.31,2.53
2019-11-11,0.02,0.49,0.74,1.38,0.29,2.93
2019-11-12,0.02,0.49,0.72,1.34,0.28,2.86
2019-11-13,0.02,0.49,0.76,1.4,0.24,2.91
2019-11-14,0.02,0.5,0.75,1.38,0.38,3.04
2019-11-15,0.02,0.5,0.75,1.39,0.41,3.08
2019-11-16,0.02,0.49,0.67,1.25,0.35,2.79
2019-11-17,0.03,0.47,0.63,1.16,0.32,2.6
2019-11-18,0.02,0.5,0.76,1.41,0.23,2.92
2019-11-19,0.02,0.5,0.75,1.39,0.38,3.05
2019-11-20,0.02,0.5,0.78,1.45,0.47,3.24
2019-11-21,0.02,0.5,0.81,1.49,0.44,3.27
2019-11-22,0.02,0.51,0.89,1.65,0.4,3.47
2019-11-23,0.02,0.49,0.72,1.33,0.28,2.85
2019-11-24,0.02,0.47,0.68,1.25,0.21,2.63
2019-11-25,0.02,0.5,0.77,1.42,0.31,3.02
2019-11-26,0.02,0.5,0.84,1.56,0.43,3.35
2019-11-27,0.02,0.5,0.88,1.63,0.38,3.41
2019-11-28,0.02,0.5,0.9,1.67,0.55,3.66
2019-11-29,0.02,0.51,0.88,1.63,0.56,3.61
2019-11-30,0.02,0.5,0.8,1.48,0.54,3.33
2019-12-01,0.02,0.47,0.63,1.39,0.39,2.89
2019-12-02,0.02,0.5,0.73,1.62,0.38,3.26
2019-12-03,0.02,0.5,0.72,1.59,0.5,3.33
2019-12-04,0.02,0.5,0.74,1.63,0.51,3.4
2019-12-05,0.02,0.5,0.77,1.7,0.52,3.52
2019-12-06,0.02,0.5,0.81,1.78,0.57,3.68
2019-12-07,0.02,0.48,0.76,1.68,0.58,3.53
2019-12-08,0.02,0.47,0.65,1.45,0.55,3.15
2019-12-09,0.02,0.5,0.77,1.71,0.5,3.51
2019-12-10,0.02,0.5,0.76,1.68,0.42,3.38
2019-12-11,0.02,0.49,0.76,1.68,0.39,3.34
2019-12-12,0.02,0.5,0.73,1.62,0.49,3.38
2019-12-13,0.02,0.5,0.77,1.71,0.55,3.55
2019-12-14,0.02,0.49,0.69,1.52,0.46,3.19
2019-12-15,0.02,0.48,0.65,1.44,0.55,3.14
2019-12-16,0.02,0.5,0.75,1.67,0.46,3.41
2019-12-17,0.03,0.5,0.79,1.75,0.38,3.45
2019-12-18,0.03,0.5,0.73,1.62,0.41,3.3
2019-12-19,0.03,0.5,0.78,1.73,0.47,3.51
2019-12-20,0.03,0.51,0.73,1.62,0.49,3.39
2019-12-21,0.03,0.49,0.72,1.59,0.52,3.35
2019-12-22,0.03,0.47,0.71,1.57,0.56,3.33
2019-12-23,0.03,0.5,0.76,1.67,0.51,3.47
2019-12-24,0.03,0.51,0.76,1.69,0.56,3.55
2019-12-25,0.03,0.51,0.78,1.72,0.51,3.55
2019-12-26,0.03,0.51,0.78,1.73,0.47,3.52
2019-12-27,0.03,0.49,0.68,1.51,0.57,3.29
2019-12-28,0.03,0.46,0.64,1.41,0.6,3.14
2019-12-29,0.03,0.42,0.6,1.33,0.52,2.9
2019-12-30,0.03,0.44,0.61,1.36,0.46,2.9
2019-12-31,0.03,0.39,0.54,1.19,0.59,2.73
2020-01-01,0.03,0.37,0.5,1.21,0.61,2.71
2020-01-02,0.03,0.47,0.49,1.2,0.56,2.76
2020-01-03,0.03,0.46,0.5,1.22,0.55,2.75
2020-01-04,0.03,0.44,0.53,1.3,0.56,2.86
2020-01-05,0.03,0.41,0.57,1.39,0.6,2.99
2020-01-06,0.03,0.48,0.68,1.67,0.54,3.4
2020-01-07,0.03,0.49,0.75,1.84,0.51,3.62
2020-01-08,0.02,0.49,0.71,1.74,0.46,3.42
2020-01-09,0.02,0.49,0.67,1.62,0.49,3.29
2020-01-10,0.03,0.5,0.67,1.65,0.55,3.39
2020-01-11,0.03,0.47,0.63,1.55,0.54,3.22
2020-01-12,0.03,0.44,0.62,1.52,0.55,3.16
2020-01-13,0.03,0.45,0.63,1.55,0.55,3.21
2020-01-14,0.03,0.49,0.73,1.77,0.55,3.57
2020-01-15,0.03,0.49,0.75,1.82,0.59,3.68
2020-01-16,0.03,0.49,0.76,1.85,0.59,3.71
2020-01-17,0.03,0.49,0.75,1.82,0.55,3.64
2020-01-18,0.03,0.47,0.7,1.71,0.62,3.52
2020-01-19,0.03,0.44,0.63,1.53,0.56,3.18
2020-01-20,0.03,0.49,0.7,1.7,0.53,3.44
2020-01-21,0.03,0.49,0.71,1.74,0.61,3.57
2020-01-22,0.03,0.49,0.77,1.89,0.54,3.71
2020-01-23,0.03,0.49,0.76,1.85,0.47,3.59
2020-01-24,0.03,0.5,0.69,1.69,0.48,3.38
2020-01-25,0.03,0.48,0.64,1.56,0.55,3.25
2020-01-26,0.03,0.45,0.63,1.53,0.55,3.18
2020-01-27,0.02,0.49,0.76,1.85,0.56,3.69
2020-01-28,0.03,0.49,0.75,1.84,0.46,3.57
2020-01-29,0.03,0.49,0.66,1.61,0.44,3.23
2020-01-30,0.03,0.49,0.65,1.58,0.48,3.23
2020-01-31,0.03,0.49,0.68,1.65,0.58,3.43
2020-02-01,0.03,0.47,0.68,1.51,0.58,3.27
2020-02-02,0.03,0.44,0.64,1.41,0.55,3.06
2020-02-03,0.03,0.49,0.75,1.66,0.54,3.46
2020-02-04,0.03,0.48,0.76,1.68,0.59,3.54
2020-02-05,0.03,0.48,0.8,1.75,0.64,3.69
2020-02-06,0.03,0.49,0.86,1.88,0.75,4.0
2020-02-07,0.03,0.49,0.87,1.91,0.67,3.96
2020-02-08,0.03,0.47,0.74,1.64,0.63,3.5
2020-02-09,0.03,0.43,0.72,1.58,0.71,3.46
2020-02-10,0.03,0.49,0.82,1.81,0.63,3.79
2020-02-11,0.03,0.44,0.76,1.67,0.59,3.49
2020-02-12,0.03,0.49,0.78,1.73,0.43,3.46
2020-02-13,0.03,0.49,0.7,1.55,0.38,3.14
2020-02-14,0.03,0.49,0.71,1.56,0.42,3.2
2020-02-15,0.03,0.46,0.65,1.42,0.42,2.97
2020-02-16,0.03,0.43,0.64,1.42,0.45,2.96
2020-02-17,0.03,0.49,0.71,1.56,0.58,3.36
2020-02-18,0.03,0.49,0.76,1.68,0.62,3.58
2020-02-19,0.03,0.48,0.73,1.62,0.57,3.43
2020-02-20,0.03,0.49,0.73,1.62,0.52,3.39
2020-02-21,0.03,0.5,0.68,1.51,0.46,3.18
2020-02-22,0.03,0.47,0.63,1.39,0.43,2.95
2020-02-23,0.03,0.43,0.57,1.24,0.55,2.81
2020-02-24,0.03,0.45,0.61,1.35,0.47,2.91
2020-02-25,0.03,0.49,0.73,1.6,0.44,3.28
2020-02-26,0.03,0.49,0.74,1.62,0.52,3.39
2020-02-27,0.03,0.49,0.73,1.6,0.62,3.47
2020-02-28,0.03,0.49,0.75,1.65,0.56,3.47
2020-02-29,0.03,0.46,0.68,1.5,0.49,3.15
2020-03-01,0.03,0.4,0.7,1.27,0.42,2.81
2020-03-02,0.03,0.48,0.84,1.53,0.48,3.36
2020-03-03,0.03,0.48,0.81,1.48,0.43,3.22
2020-03-04,0.03,0.47,0.92,1.69,0.49,3.6
2020-03-05,0.02,0.48,0.86,1.57,0.56,3.5
2020-03-06,0.03,0.48,0.83,1.52,0.53,3.39
2020-03-07,0.03,0.44,0.78,1.43,0.47,3.14
2020-03-08,0.03,0.38,0.76,1.38,0.47,3.01
2020-03-09,0.02,0.47,0.77,1.41,0.3,2.98
2020-03-10,0.02,0.48,0.83,1.52,0.31,3.16
2020-03-11,0.02,0.48,0.7,1.27,0.43,2.9
2020-03-12,0.02,0.47,0.72,1.32,0.44,2.97
2020-03-13,0.02,0.47,0.74,1.36,0.39,3.0
2020-03-14,0.02,0.44,0.78,1.42,0.59,3.24
2020-03-15,0.02,0.36,0.69,1.27,0.54,2.88
2020-03-16,0.02,0.47,0.84,1.54,0.6,3.47
2020-03-17,0.02,0.47,0.84,1.54,0.47,3.33
2020-03-18,0.02,0.47,0.75,1.38,0.38,3.0
2020-03-19,0.02,0.48,0.72,1.31,0.27,2.79
2020-03-20,0.02,0.48,0.65,1.19,0.41,2.76
2020-03-21,0.02,0.46,0.6,1.1,0.31,2.5
2020-03-22,0.03,0.39,0.61,1.11,0.3,2.43
2020-03-23,0.02,0.47,0.69,1.26,0.45,2.91
2020-03-24,0.02,0.47,0.76,1.38,0.52,3.15
2020-03-25,0.02,0.47,0.74,1.35,0.42,3.0
2020-03-26,0.02,0.48,0.73,1.33,0.29,2.86
2020-03-27,0.02,0.49,0.76,1.39,0.22,2.89
2020-03-28,0.02,0.42,0.65,1.19,0.41,2.68
2020-03-29,0.02,0.29,0.68,1.25,0.54,2.79
2020-03-30,0.02,0.46,0.79,1.45,0.45,3.17
2020-03-31,0.02,0.46,0.76,1.39,0.34,2.97
2020-04-01,0.02,0.45,0.79,1.44,0.35,3.05
2020-04-02,0.02,0.45,0.68,1.24,0.42,2.8
2020-04-03,0.02,0.46,0.67,1.23,0.35,2.74
2020-04-04,0.02,0.41,0.56,1.02,0.3,2.32
2020-04-05,0.02,0.29,0.59,1.07,0.48,2.45
2020-04-06,0.02,0.45,0.67,1.21,0.42,2.77
2020-04-07,0.02,0.44,0.69,1.25,0.37,2.77
2020-04-08,0.02,0.43,0.67,1.22,0.32,2.65
2020-04-09,0.02,0.44,0.66,1.21,0.38,2.7
2020-04-10,0.01,0.45,0.67,1.22,0.45,2.8
2020-04-11,0.01,0.38,0.62,1.13,0.4,2.55
2020-04-12,0.01,0.26,0.65,1.19,0.43,2.55
2020-04-13,0.01,0.44,0.8,1.46,0.46,3.19
2020-04-14,0.01,0.44,0.68,1.24,0.4,2.78
2020-04-15,0.01,0.43,0.68,1.23,0.3,2.66
2020-04-16,0.01,0.43,0.66,1.21,0.36,2.67
2020-04-17,0.01,0.44,0.66,1.2,0.29,2.6
2020-04-18,0.01,0.35,0.61,1.11,0.32,2.39
2020-04-19,0.01,0.29,0.51,0.94,0.29,2.03
2020-04-20,0.01,0.43,0.67,1.22,0.33,2.66
2020-04-21,0.01,0.43,0.62,1.13,0.29,2.48
2020-04-22,0.01,0.42,0.62,1.12,0.41,2.57
2020-04-23,0.01,0.43,0.63,1.16,0.42,2.65
2020-04-24,0.01,0.44,0.63,1.15,0.42,2.65
2020-04-25,0.01,0.37,0.52,0.95,0.28,2.13
2020-04-26,0.01,0.25,0.51,0.93,0.25,1.94
2020-04-27,0.01,0.43,0.58,1.05,0.34,2.4
2020-04-28,0.01,0.43,0.57,1.04,0.32,2.37
2020-04-29,0.01,0.3,0.52,0.96,0.23,2.02
2020-04-30,0.01,0.42,0.51,0.94,0.16,2.04
2020-05-01,0.01,0.42,0.46,0.88,0.14,1.91
2020-05-02,0.01,0.35,0.41,0.79,0.12,1.69
2020-05-03,0.01,0.27,0.43,0.82,0.13,1.65
2020-05-04,0.01,0.29,0.42,0.8,0.13,1.65
2020-05-05,0.01,0.3,0.41,0.77,0.16,1.64
2020-05-06,0.01,0.31,0.46,0.88,0.22,1.88
2020-05-07,0.01,0.42,0.45,0.86,0.23,1.97
2020-05-08,0.01,0.44,0.47,0.89,0.17,1.98
2020-05-09,0.01,0.38,0.5,0.96,0.16,2.0
2020-05-10,0.01,0.29,0.49,0.93,0.14,1.85
2020-05-11,0.01,0.44,0.5,0.96,0.13,2.04
2020-05-12,0.01,0.44,0.56,1.06,0.13,2.19
2020-05-13,0.01,0.43,0.53,1.01,0.16,2.15
2020-05-14,0.01,0.44,0.53,1.01,0.14,2.12
2020-05-15,0.01,0.46,0.57,1.08,0.13,2.24
2020-05-16,0.01,0.4,0.54,1.03,0.16,2.15
2020-05-17,0.01,0.32,0.46,0.88,0.14,1.8
2020-05-18,0.01,0.45,0.59,1.13,0.14,2.33
2020-05-19,0.01,0.45,0.57,1.09,0.18,2.29
2020-05-20,0.01,0.43,0.56,1.06,0.25,2.32
2020-05-21,0.01,0.43,0.59,1.13,0.24,2.39
2020-05-22,0.01,0.45,0.55,1.05,0.17,2.23
2020-05-23,0.01,0.39,0.48,0.93,0.14,1.95
2020-05-24,0.01,0.32,0.47,0.9,0.12,1.81
2020-05-25,0.01,0.46,0.57,1.09,0.13,2.26
2020-05-26,0.01,0.46,0.63,1.21,0.13,2.44
2020-05-27,0.01,0.45,0.58,1.1,0.14,2.27
2020-05-28,0.01,0.42,0.54,1.03,0.14,2.12
2020-05-29,0.01,0.48,0.52,1.0,0.13,2.14
2020-05-30,0.01,0.45,0.5,0.96,0.12,2.03
2020-05-31,0.01,0.34,0.51,0.98,0.12,1.97
2020-06-01,0.01,0.47,0.6,1.2,0.12,2.39
2020-06-02,0.01,0.46,0.59,1.18,0.12,2.36
2020-06-03,0.01,0.46,0.63,1.26,0.12,2.47
2020-06-04,0.01,0.46,0.63,1.26,0.12,2.47
2020-06-05,0.01,0.48,0.61,1.23,0.12,2.46
2020-06-06,0.01,0.45,0.56,1.12,0.13,2.26
2020-06-07,0.01,0.38,0.48,0.97,0.13,1.96
2020-06-08,0.01,0.47,0.59,1.19,0.12,2.38
2020-06-09,0.01,0.47,0.66,1.32,0.12,2.57
2020-06-10,0.01,0.47,0.68,1.36,0.12,2.63
2020-06-11,0.01,0.46,0.72,1.45,0.12,2.75
2020-06-12,0.01,0.48,0.68,1.37,0.12,2.66
2020-06-13,0.01,0.47,0.61,1.22,0.12,2.42
2020-06-14,0.01,0.4,0.56,1.13,0.12,2.22
2020-06-15,0.01,0.48,0.65,1.31,0.12,2.58
2020-06-16,0.01,0.48,0.63,1.27,0.12,2.52
2020-06-17,0.01,0.48,0.6,1.2,0.12,2.41
2020-06-18,0.01,0.49,0.64,1.29,0.13,2.57
2020-06-19,0.01,0.5,0.6,1.2,0.13,2.44
2020-06-20,0.01,0.48,0.47,0.95,0.13,2.03
2020-06-21,0.01,0.43,0.48,0.96,0.12,2.0
2020-06-22,0.01,0.48,0.6,1.22,0.13,2.44
2020-06-23,0.01,0.48,0.63,1.26,0.12,2.5
2020-06-24,0.01,0.48,0.65,1.31,0.12,2.57
2020-06-25,0.01,0.49,0.68,1.38,0.12,2.68
2020-06-26,0.01,0.49,0.67,1.35,0.12,2.65
2020-06-27,0.01,0.47,0.59,1.18,0.12,2.37
2020-06-28,0.01,0.42,0.54,1.09,0.12,2.19
2020-06-29,0.01,0.48,0.61,1.23,0.12,2.46
2020-06-30,0.01,0.49,0.69,1.39,0.12,2.7
2020-07-01,0.01,0.47,0.67,1.38,0.11,2.65
2020-07-02,0.01,0.48,0.62,1.29,0.12,2.52
2020-07-03,0.02,0.49,0.63,1.31,0.12,2.56
2020-07-04,0.01,0.45,0.56,1.16,0.12,2.3
2020-07-05,0.01,0.41,0.53,1.1,0.11,2.17
2020-07-06,0.01,0.49,0.68,1.4,0.11,2.7
2020-07-07,0.01,0.49,0.72,1.49,0.11,2.82
2020-07-08,0.01,0.48,0.68,1.41,0.11,2.7
2020-07-09,0.01,0.49,0.68,1.41,0.11,2.71
2020-07-10,0.02,0.5,0.67,1.39,0.11,2.69
2020-07-11,0.02,0.45,0.6,1.24,0.11,2.42
2020-07-12,0.02,0.41,0.52,1.08,0.12,2.15
2020-07-13,0.01,0.49,0.62,1.28,0.12,2.52
2020-07-14,0.01,0.48,0.66,1.37,0.11,2.65
2020-07-15,0.01,0.48,0.63,1.29,0.12,2.54
2020-07-16,0.02,0.49,0.6,1.25,0.12,2.47
2020-07-17,0.02,0.5,0.6,1.25,0.11,2.48
2020-07-18,0.02,0.45,0.53,1.1,0.11,2.21
2020-07-19,0.02,0.4,0.52,1.08,0.11,2.13
2020-07-20,0.02,0.49,0.71,1.46,0.11,2.78
2020-07-21,0.02,0.49,0.76,1.57,0.11,2.96
2020-07-22,0.02,0.5,0.74,1.54,0.11,2.92
2020-07-23,0.02,0.43,0.65,1.35,0.11,2.57
2020-07-24,0.02,0.43,0.62,1.27,0.11,2.46
2020-07-25,0.02,0.44,0.59,1.22,0.11,2.39
2020-07-26,0.02,0.41,0.57,1.18,0.11,2.29
2020-07-27,0.02,0.49,0.72,1.48,0.11,2.82
2020-07-28,0.02,0.49,0.74,1.53,0.11,2.89
2020-07-29,0.02,0.48,0.71,1.46,0.11,2.79
2020-07-30,0.02,0.49,0.7,1.44,0.11,2.76
2020-07-31,0.02,0.49,0.7,1.45,0.11,2.77
2020-08-01,0.02,0.45,0.43,1.24,0.11,2.27
2020-08-02,0.02,0.4,0.42,1.2,0.11,2.15
2020-08-03,0.02,0.48,0.53,1.53,0.11,2.68
2020-08-04,0.02,0.49,0.57,1.64,0.11,2.84
2020-08-05,0.02,0.49,0.59,1.69,0.11,2.91
2020-08-06,0.02,0.5,0.59,1.69,0.11,2.91
2020-08-07,0.03,0.5,0.58,1.66,0.11,2.88
2020-08-08,0.03,0.46,0.5,1.43,0.11,2.53
2020-08-09,0.02,0.4,0.47,1.36,0.11,2.37
2020-08-10,0.03,0.41,0.52,1.49,0.11,2.56
2020-08-11,0.02,0.46,0.57,1.64,0.11,2.81
2020-08-12,0.02,0.45,0.54,1.56,0.11,2.69
2020-08-13,0.02,0.43,0.52,1.49,0.11,2.58
2020-08-14,0.02,0.41,0.51,1.46,0.11,2.52
2020-08-15,0.02,0.4,0.51,1.46,0.11,2.51
2020-08-16,0.03,0.36,0.52,1.5,0.11,2.52
2020-08-17,0.02,0.48,0.63,1.81,0.11,3.06
2020-08-18,0.02,0.49,0.65,1.88,0.11,3.15
2020-08-19,0.02,0.49,0.64,1.84,0.11,3.09
2020-08-20,0.02,0.49,0.67,1.91,0.11,3.2
2020-08-21,0.02,0.5,0.67,1.93,0.11,3.23
2020-08-22,0.02,0.45,0.57,1.64,0.11,2.79
2020-08-23,0.02,0.39,0.5,1.43,0.11,2.44
2020-08-24,0.02,0.48,0.6,1.72,0.11,2.93
2020-08-25,0.02,0.49,0.63,1.82,0.11,3.07
2020-08-26,0.02,0.49,0.64,1.84,0.11,3.1
2020-08-27,0.02,0.49,0.66,1.9,0.11,3.18
2020-08-28,0.02,0.49,0.66,1.9,0.11,3.19
2020-08-29,0.02,0.47,0.59,1.69,0.11,2.87
2020-08-30,0.02,0.41,0.55,1.58,0.12,2.67
2020-08-31,0.01,0.48,0.63,1.8,0.12,3.03
2020-09-01,0.01,0.48,0.85,1.78,0.12,3.23
2020-09-02,0.01,0.48,0.87,1.82,0.12,3.3
2020-09-03,0.01,0.48,0.89,1.85,0.12,3.36
2020-09-04,0.02,0.49,0.87,1.81,0.12,3.3
2020-09-05,0.01,0.46,0.74,1.54,0.12,2.87
2020-09-06,0.01,0.41,0.67,1.4,0.12,2.6
2020-09-07,0.01,0.48,0.79,1.65,0.12,3.04
2020-09-08,0.01,0.49,0.83,1.73,0.12,3.18
2020-09-09,0.01,0.49,0.83,1.72,0.12,3.17
2020-09-10,0.01,0.49,0.8,1.67,0.12,3.09
2020-09-11,0.01,0.49,0.8,1.67,0.12,3.1
2020-09-12,0.01,0.46,0.67,1.41,0.12,2.67
2020-09-13,0.01,0.42,0.6,1.25,0.12,2.41
2020-09-14,0.01,0.49,0.67,1.4,0.12,2.69
2020-09-15,0.01,0.49,0.69,1.44,0.12,2.75
2020-09-16,0.01,0.49,0.73,1.52,0.12,2.87
2020-09-17,0.01,0.49,0.77,1.62,0.12,3.02
2020-09-18,0.02,0.51,0.81,1.69,0.12,3.14
2020-09-19,0.02,0.5,0.61,1.27,0.12,2.51
2020-09-20,0.02,0.47,0.54,1.13,0.12,2.27
2020-09-21,0.02,0.48,0.56,1.16,0.12,2.34
2020-09-22,0.02,0.44,0.6,1.26,0.12,2.45
2020-09-23,0.02,0.49,0.68,1.42,0.12,2.73
2020-09-24,0.01,0.49,0.7,1.46,0.13,2.78
2020-09-25,0.02,0.51,0.68,1.42,0.13,2.76
2020-09-26,0.02,0.46,0.57,1.19,0.13,2.37
2020-09-27,0.02,0.41,0.51,1.06,0.13,2.13
2020-09-28,0.01,0.49,0.58,1.22,0.14,2.45
2020-09-29,0.01,0.49,0.62,1.29,0.14,2.55
2020-09-30,0.01,0.48,0.62,1.3,0.13,2.55
2020-10-01,0.02,0.48,0.71,1.35,0.14,2.69
2020-10-02,0.02,0.48,0.69,1.31,0.12,2.62
2020-10-03,0.02,0.46,0.65,1.24,0.12,2.48
2020-10-04,0.02,0.41,0.64,1.22,0.12,2.41
2020-10-05,0.02,0.48,0.73,1.38,0.14,2.75
2020-10-06,0.02,0.48,0.7,1.33,0.15,2.67
2020-10-07,0.02,0.48,0.72,1.37,0.15,2.74
2020-10-08,0.02,0.49,0.77,1.47,0.21,2.96
2020-10-09,0.02,0.5,0.75,1.42,0.19,2.87
2020-10-10,0.02,0.42,0.67,1.27,0.14,2.52
2020-10-11,0.02,0.42,0.59,1.12,0.12,2.27
2020-10-12,0.02,0.49,0.7,1.34,0.12,2.66
2020-10-13,0.02,0.48,0.71,1.35,0.13,2.7
2020-10-14,0.02,0.48,0.71,1.35,0.15,2.71
2020-10-15,0.02,0.49,0.72,1.37,0.21,2.81
2020-10-16,0.02,0.49,0.71,1.35,0.21,2.78
2020-10-17,0.02,0.48,0.7,1.33,0.32,2.85
2020-10-18,0.02,0.43,0.59,1.13,0.25,2.42
2020-10-19,0.02,0.49,0.76,1.44,0.28,2.98
2020-10-20,0.02,0.49,0.71,1.35,0.23,2.79
2020-10-21,0.02,0.49,0.71,1.35,0.18,2.75
2020-10-22,0.02,0.48,0.77,1.47,0.15,2.89
2020-10-23,0.02,0.5,0.74,1.41,0.21,2.88
2020-10-24,0.02,0.48,0.59,1.13,0.29,2.51
2020-10-25,0.02,0.44,0.56,1.07,0.27,2.37
2020-10-26,0.02,0.49,0.67,1.28,0.24,2.7
2020-10-27,0.02,0.49,0.71,1.35,0.24,2.8
2020-10-28,0.02,0.48,0.74,1.4,0.23,2.86
2020-10-29,0.02,0.49,0.7,1.34,0.24,2.78
2020-10-30,0.02,0.49,0.72,1.36,0.33,2.92
2020-10-31,0.02,0.48,0.64,1.22,0.32,2.67
2020-11-01,0.02,0.44,0.58,1.18,0.22,2.45
2020-11-02,0.02,0.48,0.72,1.45,0.24,2.91
2020-11-03,0.02,0.44,0.66,1.33,0.32,2.77
2020-11-04,0.02,0.48,0.7,1.42,0.4,3.02
2020-11-05,0.02,0.49,0.71,1.44,0.33,2.98
2020-11-06,0.02,0.48,0.75,1.52,0.26,3.04
2020-11-07,0.02,0.45,0.69,1.39,0.2,2.74
2020-11-08,0.02,0.44,0.59,1.2,0.25,2.5
2020-11-09,0.02,0.49,0.7,1.41,0.4,3.01
2020-11-10,0.02,0.49,0.75,1.52,0.42,3.2
2020-11-11,0.02,0.48,0.78,1.57,0.44,3.28
2020-11-12,0.02,0.49,0.79,1.59,0.39,3.27
2020-11-13,0.02,0.49,0.75,1.51,0.3,3.07
2020-11-14,0.02,0.46,0.64,1.3,0.34,2.77
2020-11-15,0.02,0.45,0.62,1.25,0.28,2.61
2020-11-16,0.02,0.49,0.71,1.44,0.25,2.92
2020-11-17,0.02,0.49,0.73,1.47,0.27,2.97
2020-11-18,0.02,0.49,0.73,1.48,0.2,2.91
2020-11-19,0.02,0.49,0.72,1.45,0.14,2.82
2020-11-20,0.02,0.5,0.73,1.48,0.18,2.91
2020-11-21,0.02,0.46,0.61,1.23,0.36,2.69
2020-11-22,0.02,0.41,0.62,1.25,0.26,2.56
2020-11-23,0.02,0.45,0.64,1.29,0.36,2.76
2020-11-24,0.02,0.49,0.74,1.49,0.38,3.13
2020-11-25,0.02,0.49,0.79,1.6,0.39,3.28
2020-11-26,0.02,0.49,0.77,1.55,0.35,3.18
2020-11-27,0.02,0.49,0.77,1.55,0.37,3.19
2020-11-28,0.02,0.45,0.68,1.37,0.46,2.99
2020-11-29,0.02,0.43,0.67,1.36,0.48,2.95
2020-11-30,0.02,0.49,0.79,1.6,0.47,3.37
2020-12-01,0.02,0.48,0.66,1.64,0.46,3.26
2020-12-02,0.02,0.48,0.68,1.71,0.46,3.35
2020-12-03,0.02,0.49,0.7,1.75,0.48,3.43
2020-12-04,0.02,0.49,0.68,1.69,0.49,3.37
2020-12-05,0.02,0.45,0.63,1.57,0.51,3.18
2020-12-06,0.02,0.44,0.59,1.46,0.48,2.99
2020-12-07,0.02,0.48,0.66,1.65,0.42,3.24
2020-12-08,0.02,0.48,0.68,1.69,0.45,3.31
2020-12-09,0.02,0.48,0.71,1.76,0.5,3.47
2020-12-10,0.02,0.49,0.72,1.8,0.46,3.49
2020-12-11,0.02,0.49,0.7,1.75,0.41,3.37
2020-12-12,0.02,0.46,0.62,1.54,0.44,3.07
2020-12-13,0.02,0.44,0.6,1.49,0.5,3.04
2020-12-14,0.02,0.5,0.73,1.81,0.6,3.66
2020-12-15,0.02,0.5,0.79,1.96,0.67,3.93
2020-12-16,0.02,0.5,0.82,2.05,0.69,4.08
2020-12-17,0.02,0.51,0.81,2.03,0.68,4.05
2020-12-18,0.02,0.5,0.8,2.0,0.59,3.92
2020-12-19,0.02,0.48,0.74,1.83,0.66,3.73
2020-12-20,0.02,0.47,0.72,1.79,0.68,3.67
2020-12-21,0.02,0.51,0.8,2.0,0.62,3.95
2020-12-22,0.02,0.5,0.8,1.99,0.58,3.89
2020-12-23,0.02,0.5,0.77,1.93,0.53,3.76
2020-12-24,0.02,0.51,0.78,1.95,0.52,3.78
2020-12-25,0.02,0.51,0.74,1.84,0.6,3.71
2020-12-26,0.03,0.47,0.67,1.67,0.6,3.44
2020-12-27,0.03,0.42,0.63,1.57,0.53,3.17
2020-12-28,0.02,0.48,0.64,1.6,0.52,3.26
2020-12-29,0.02,0.44,0.6,1.5,0.49,3.05
2020-12-30,0.02,0.42,0.59,1.47,0.66,3.17
2020-12-31,0.02,0.34,0.63,1.56,0.74,3.28
2021-01-01,0.02,0.21,0.5,1.48,0.7,2.92
2021-01-02,0.02,0.36,0.51,1.51,0.68,3.08
2021-01-03,0.02,0.34,0.53,1.54,0.67,3.1
2021-01-04,0.02,0.4,0.56,1.64,0.63,3.25
2021-01-05,0.02,0.44,0.63,1.86,0.61,3.57
2021-01-06,0.02,0.47,0.67,1.98,0.65,3.8
2021-01-07,0.01,0.48,0.72,2.12,0.73,4.06
2021-01-08,0.01,0.48,0.76,2.23,0.8,4.28
2021-01-09,0.02,0.43,0.69,2.04,0.78,3.96
2021-01-10,0.02,0.38,0.64,1.89,0.73,3.66
2021-01-11,0.02,0.43,0.69,2.03,0.69,3.85
2021-01-12,0.02,0.48,0.74,2.19,0.68,4.11
2021-01-13,0.02,0.49,0.71,2.07,0.6,3.88
2021-01-14,0.02,0.49,0.66,1.94,0.54,3.65
2021-01-15,0.02,0.48,0.66,1.93,0.53,3.62
2021-01-16,0.01,0.44,0.58,1.72,0.52,3.28
2021-01-17,0.02,0.42,0.57,1.67,0.67,3.36
2021-01-18,0.01,0.49,0.67,1.97,0.65,3.79
2021-01-19,0.01,0.49,0.69,2.02,0.71,3.92
2021-01-20,0.01,0.48,0.69,2.02,0.66,3.86
2021-01-21,0.01,0.48,0.66,1.95,0.54,3.65
2021-01-22,0.01,0.48,0.64,1.89,0.45,3.47
2021-01-23,0.01,0.46,0.6,1.76,0.56,3.38
2021-01-24,0.01,0.41,0.57,1.68,0.56,3.24
2021-01-25,0.01,0.48,0.6,1.75,0.54,3.38
2021-01-26,0.01,0.48,0.62,1.83,0.44,3.39
2021-01-27,0.01,0.48,0.58,1.71,0.49,3.27
2021-01-28,0.01,0.49,0.63,1.85,0.6,3.59
2021-01-29,0.01,0.49,0.66,1.94,0.7,3.8
2021-01-30,0.01,0.47,0.59,1.74,0.65,3.47
2021-01-31,0.01,0.45,0.54,1.58,0.62,3.19
2021-02-01,0.01,0.49,0.83,1.86,0.48,3.67
2021-02-02,0.01,0.49,0.78,1.74,0.6,3.62
2021-02-03,0.01,0.48,0.82,1.85,0.67,3.84
2021-02-04,0.01,0.49,0.85,1.92,0.64,3.9
2021-02-05,0.01,0.48,0.81,1.81,0.56,3.67
2021-02-06,0.01,0.46,0.67,1.5,0.49,3.12
2021-02-07,0.01,0.45,0.64,1.43,0.52,3.04
2021-02-08,0.01,0.49,0.79,1.78,0.67,3.74
2021-02-09,0.01,0.49,0.84,1.89,0.68,3.92
2021-02-10,0.01,0.48,0.81,1.81,0.57,3.68
2021-02-11,0.01,0.46,0.73,1.65,0.53,3.38
2021-02-12,0.01,0.49,0.78,1.76,0.51,3.55
2021-02-13,0.01,0.45,0.65,1.45,0.42,2.99
2021-02-14,0.01,0.44,0.58,1.31,0.34,2.68
2021-02-15,0.01,0.49,0.72,1.62,0.44,3.29
2021-02-16,0.01,0.5,0.72,1.63,0.57,3.43
2021-02-17,0.01,0.49,0.82,1.85,0.72,3.89
2021-02-18,0.01,0.49,0.88,1.98,0.71,4.08
2021-02-19,0.01,0.5,0.8,1.81,0.6,3.72
2021-02-20,0.01,0.47,0.65,1.46,0.43,3.02
2021-02-21,0.01,0.45,0.56,1.25,0.37,2.65
2021-02-22,0.01,0.49,0.6,1.36,0.32,2.78
2021-02-23,0.01,0.47,0.62,1.4,0.55,3.06
2021-02-24,0.01,0.5,0.73,1.64,0.63,3.51
2021-02-25,0.01,0.5,0.75,1.68,0.54,3.49
2021-02-26,0.01,0.5,0.79,1.78,0.57,3.66
2021-02-27,0.01,0.47,0.66,1.49,0.63,3.27
2021-02-28,0.01,0.45,0.61,1.38,0.48,2.93
2021-03-01,0.01,0.49,0.85,1.48,0.3,3.13
2021-03-02,0.01,0.49,0.94,1.64,0.51,3.59
2021-03-03,0.01,0.5,0.91,1.58,0.58,3.57
2021-03-04,0.01,0.5,0.93,1.61,0.41,3.46
2021-03-05,0.01,0.5,0.9,1.57,0.36,3.35
2021-03-06,0.01,0.47,0.74,1.29,0.45,2.97
2021-03-07,0.01,0.46,0.77,1.34,0.53,3.1
2021-03-08,0.01,0.49,0.94,1.63,0.53,3.61
2021-03-09,0.01,0.49,0.92,1.6,0.45,3.47
2021-03-10,0.01,0.49,0.83,1.44,0.47,3.24
2021-03-11,0.01,0.49,0.85,1.47,0.42,3.24
2021-03-12,0.02,0.49,0.91,1.58,0.38,3.38
2021-03-13,0.02,0.47,0.79,1.38,0.43,3.09
2021-03-14,0.02,0.46,0.67,1.17,0.43,2.75
2021-03-15,0.02,0.49,0.76,1.33,0.39,2.99
2021-03-16,0.01,0.49,0.84,1.46,0.33,3.14
2021-03-17,0.02,0.49,0.76,1.32,0.42,3.01
2021-03-18,0.02,0.5,0.77,1.35,0.39,3.02
2021-03-19,0.02,0.51,0.76,1.33,0.36,2.98
2021-03-20,0.02,0.49,0.7,1.22,0.29,2.72
2021-03-21,0.02,0.43,0.69,1.19,0.32,2.65
2021-03-22,0.02,0.5,0.74,1.29,0.48,3.03
2021-03-23,0.02,0.49,0.74,1.29,0.43,2.97
2021-03-24,0.02,0.49,0.72,1.24,0.3,2.77
2021-03-25,0.02,0.5,0.76,1.32,0.35,2.95
2021-03-26,0.02,0.51,0.69,1.2,0.36,2.78
2021-03-27,0.02,0.49,0.62,1.08,0.27,2.49
2021-03-28,0.02,0.45,0.65,1.13,0.25,2.5
2021-03-29,0.02,0.5,0.63,1.09,0.2,2.44
2021-03-30,0.02,0.49,0.66,1.15,0.24,2.56
2021-03-31,0.02,0.49,0.62,1.08,0.26,2.46
2021-04-01,0.02,0.48,0.73,1.1,0.25,2.58
2021-04-02,0.02,0.49,0.75,1.14,0.22,2.63
2021-04-03,0.02,0.48,0.66,1.01,0.19,2.36
2021-04-04,0.02,0.44,0.69,1.05,0.25,2.46
2021-04-05,0.02,0.48,0.77,1.17,0.4,2.85
2021-04-06,0.02,0.48,0.81,1.24,0.39,2.94
2021-04-07,0.02,0.47,0.75,1.15,0.33,2.73
2021-04-08,0.02,0.48,0.78,1.18,0.35,2.8
2021-04-09,0.02,0.48,0.79,1.2,0.44,2.92
2021-04-10,0.02,0.46,0.69,1.05,0.43,2.66
2021-04-11,0.02,0.42,0.64,0.98,0.34,2.4
2021-04-12,0.02,0.48,0.78,1.18,0.24,2.69
2021-04-13,0.02,0.48,0.87,1.32,0.23,2.91
2021-04-14,0.02,0.48,0.83,1.26,0.37,2.96
2021-04-15,0.02,0.49,0.79,1.2,0.36,2.85
2021-04-16,0.02,0.49,0.84,1.27,0.26,2.87
2021-04-17,0.02,0.46,0.77,1.17,0.3,2.71
2021-04-18,0.02,0.42,0.61,0.93,0.36,2.35
2021-04-19,0.02,0.48,0.7,1.06,0.29,2.56
2021-04-20,0.02,0.48,0.71,1.08,0.2,2.5
2021-04-21,0.02,0.48,0.7,1.06,0.21,2.47
2021-04-22,0.02,0.49,0.72,1.09,0.22,2.54
2021-04-23,0.02,0.49,0.71,1.08,0.25,2.56
2021-04-24,0.02,0.47,0.63,0.95,0.22,2.28
2021-04-25,0.02,0.42,0.59,0.9,0.3,2.23
2021-04-26,0.02,0.49,0.68,1.03,0.36,2.58
2021-04-27,0.02,0.49,0.73,1.11,0.24,2.59
2021-04-28,0.02,0.49,0.79,1.2,0.19,2.68
2021-04-29,0.02,0.42,0.76,1.15,0.25,2.6
2021-04-30,0.02,0.48,0.61,0.92,0.21,2.25
2021-05-01,0.03,0.43,0.52,0.85,0.22,2.05
2021-05-02,0.02,0.38,0.48,0.78,0.32,1.98
2021-05-03,0.02,0.42,0.44,0.73,0.25,1.86
2021-05-04,0.02,0.4,0.44,0.73,0.16,1.75
2021-05-05,0.02,0.38,0.54,0.89,0.19,2.02
2021-05-06,0.02,0.46,0.54,0.88,0.14,2.03
2021-05-07,0.02,0.47,0.65,1.06,0.18,2.37
2021-05-08,0.02,0.43,0.55,0.89,0.14,2.03
2021-05-09,0.02,0.39,0.5,0.82,0.16,1.9
2021-05-10,0.01,0.47,0.61,0.99,0.17,2.25
2021-05-11,0.01,0.47,0.69,1.13,0.19,2.51
2021-05-12,0.01,0.47,0.72,1.17,0.17,2.55
2021-05-13,0.01,0.47,0.73,1.19,0.15,2.55
2021-05-14,0.02,0.48,0.69,1.13,0.13,2.46
2021-05-15,0.01,0.45,0.63,1.03,0.12,2.25
2021-05-16,0.01,0.4,0.61,0.99,0.13,2.14
2021-05-17,0.01,0.48,0.76,1.25,0.13,2.63
2021-05-18,0.01,0.48,0.77,1.26,0.13,2.65
2021-05-19,0.01,0.48,0.76,1.24,0.14,2.63
2021-05-20,0.01,0.49,0.74,1.2,0.13,2.56
2021-05-21,0.01,0.48,0.76,1.24,0.13,2.63
2021-05-22,0.01,0.45,0.58,0.95,0.15,2.14
2021-05-23,0.01,0.41,0.51,0.83,0.14,1.89
2021-05-24,0.01,0.48,0.67,1.1,0.13,2.39
2021-05-25,0.01,0.48,0.65,1.06,0.13,2.33
2021-05-26,0.01,0.48,0.65,1.05,0.14,2.34
2021-05-27,0.01,0.48,0.73,1.19,0.19,2.61
2021-05-28,0.01,0.49,0.62,1.02,0.13,2.28
2021-05-29,0.01,0.46,0.53,0.87,0.13,2.01
2021-05-30,0.01,0.43,0.49,0.81,0.14,1.89
2021-05-31,0.01,0.48,0.62,1.01,0.14,2.26
2021-06-01,0.01,0.48,0.67,1.06,0.13,2.36
2021-06-02,0.01,0.47,0.73,1.17,0.13,2.52
2021-06-03,0.01,0.48,0.74,1.18,0.12,2.53
2021-06-04,0.02,0.48,0.79,1.26,0.13,2.69
2021-06-05,0.02,0.46,0.59,0.95,0.12,2.14
2021-06-06,0.02,0.42,0.58,0.92,0.12,2.05
2021-06-07,0.01,0.48,0.7,1.12,0.12,2.44
2021-06-08,0.01,0.47,0.77,1.23,0.12,2.61
2021-06-09,0.01,0.46,0.75,1.2,0.12,2.56
2021-06-10,0.01,0.47,0.77,1.23,0.12,2.6
2021-06-11,0.02,0.48,0.79,1.27,0.12,2.67
2021-06-12,0.02,0.44,0.69,1.11,0.12,2.38
2021-06-13,0.02,0.39,0.68,1.08,0.12,2.28
2021-06-14,0.01,0.47,0.8,1.27,0.12,2.68
2021-06-15,0.01,0.48,0.83,1.33,0.12,2.77
2021-06-16,0.01,0.48,0.84,1.35,0.12,2.8
2021-06-17,0.01,0.47,0.79,1.26,0.12,2.65
2021-06-18,0.02,0.48,0.81,1.3,0.12,2.73
2021-06-19,0.02,0.46,0.7,1.12,0.13,2.43
2021-06-20,0.02,0.41,0.6,0.96,0.13,2.11
2021-06-21,0.02,0.47,0.73,1.17,0.12,2.52
2021-06-22,0.01,0.47,0.82,1.3,0.12,2.72
2021-06-23,0.01,0.47,0.81,1.3,0.12,2.71
2021-06-24,0.02,0.47,0.81,1.29,0.12,2.71
2021-06-25,0.02,0.49,0.82,1.3,0.12,2.74
2021-06-26,0.02,0.46,0.73,1.16,0.12,2.49
2021-06-27,0.02,0.39,0.69,1.11,0.12,2.32
2021-06-28,0.02,0.48,0.82,1.31,0.12,2.75
2021-06-29,0.01,0.48,0.86,1.37,0.12,2.85
2021-06-30,0.02,0.48,0.86,1.37,0.12,2.84
2021-07-01,0.02,0.49,0.71,1.41,0.12,2.73
2021-07-02,0.02,0.49,0.72,1.44,0.11,2.79
2021-07-03,0.02,0.46,0.62,1.23,0.11,2.44
2021-07-04,0.02,0.42,0.59,1.16,0.11,2.3
2021-07-05,0.02,0.48,0.71,1.41,0.11,2.73
2021-07-06,0.02,0.48,0.74,1.47,0.11,2.82
2021-07-07,0.02,0.48,0.75,1.48,0.11,2.85
2021-07-08,0.02,0.49,0.74,1.47,0.11,2.83
2021-07-09,0.02,0.49,0.73,1.45,0.11,2.8
2021-07-10,0.02,0.46,0.61,1.2,0.11,2.4
2021-07-11,0.02,0.42,0.57,1.13,0.11,2.26
2021-07-12,0.02,0.48,0.7,1.39,0.11,2.7
2021-07-13,0.02,0.48,0.72,1.43,0.11,2.77
2021-07-14,0.02,0.48,0.72,1.43,0.11,2.76
2021-07-15,0.02,0.49,0.73,1.44,0.11,2.79
2021-07-16,0.02,0.5,0.74,1.47,0.11,2.84
2021-07-17,0.02,0.47,0.64,1.27,0.11,2.51
2021-07-18,0.02,0.41,0.62,1.22,0.11,2.38
2021-07-19,0.02,0.49,0.77,1.53,0.11,2.92
2021-07-20,0.02,0.49,0.82,1.62,0.11,3.05
2021-07-21,0.02,0.5,0.8,1.59,0.11,3.02
2021-07-22,0.02,0.44,0.74,1.47,0.11,2.79
2021-07-23,0.02,0.43,0.72,1.42,0.11,2.69
2021-07-24,0.02,0.43,0.67,1.34,0.11,2.58
2021-07-25,0.03,0.38,0.64,1.27,0.11,2.43
2021-07-26,0.02,0.49,0.78,1.54,0.11,2.94
2021-07-27,0.02,0.48,0.8,1.58,0.11,3.0
2021-07-28,0.02,0.49,0.8,1.58,0.11,3.0
2021-07-29,0.02,0.49,0.83,1.65,0.11,3.1
2021-07-30,0.02,0.49,0.81,1.61,0.11,3.05
2021-07-31,0.02,0.45,0.7,1.39,0.11,2.68
2021-08-01,0.02,0.39,0.58,1.34,0.11,2.45
2021-08-02,0.02,0.49,0.71,1.64,0.11,2.97
2021-08-03,0.02,0.49,0.76,1.74,0.11,3.12
2021-08-04,0.02,0.49,0.78,1.78,0.11,3.18
2021-08-05,0.02,0.49,0.79,1.81,0.11,3.22
2021-08-06,0.02,0.5,0.77,1.77,0.11,3.17
2021-08-07,0.03,0.46,0.67,1.54,0.11,2.82
2021-08-08,0.02,0.36,0.62,1.42,0.11,2.53
2021-08-09,0.02,0.42,0.6,1.37,0.11,2.52
2021-08-10,0.02,0.49,0.61,1.39,0.12,2.62
2021-08-11,0.02,0.46,0.57,1.32,0.12,2.49
2021-08-12,0.02,0.44,0.53,1.21,0.12,2.33
2021-08-13,0.02,0.44,0.46,1.05,0.12,2.09
2021-08-14,0.03,0.41,0.45,1.03,0.12,2.03
2021-08-15,0.03,0.36,0.42,0.97,0.12,1.9
2021-08-16,0.02,0.44,0.51,1.17,0.12,2.27
2021-08-17,0.02,0.48,0.58,1.33,0.11,2.52
2021-08-18,0.02,0.49,0.61,1.4,0.11,2.64
2021-08-19,0.02,0.49,0.61,1.41,0.11,2.65
2021-08-20,0.02,0.49,0.62,1.43,0.11,2.68
2021-08-21,0.02,0.45,0.54,1.23,0.11,2.36
2021-08-22,0.02,0.39,0.52,1.2,0.11,2.25
2021-08-23,0.02,0.48,0.65,1.48,0.11,2.74
2021-08-24,0.02,0.48,0.66,1.52,0.11,2.8
2021-08-25,0.02,0.48,0.68,1.56,0.11,2.86
2021-08-26,0.02,0.49,0.71,1.64,0.11,2.98
2021-08-27,0.02,0.5,0.71,1.62,0.11,2.97
2021-08-28,0.02,0.46,0.59,1.36,0.11,2.55
2021-08-29,0.02,0.39,0.54,1.24,0.11,2.31
2021-08-30,0.02,0.48,0.69,1.58,0.11,2.88
2021-08-31,0.02,0.48,0.68,1.56,0.11,2.86
2021-09-01,0.02,0.47,0.82,1.47,0.12,2.91
2021-09-02,0.02,0.49,0.78,1.41,0.12,2.81
2021-09-03,0.02,0.49,0.75,1.34,0.12,2.72
2021-09-04,0.02,0.47,0.62,1.12,0.12,2.35
2021-09-05,0.02,0.41,0.58,1.03,0.12,2.16
2021-09-06,0.02,0.48,0.69,1.23,0.13,2.55
2021-09-07,0.02,0.48,0.69,1.23,0.12,2.54
2021-09-08,0.02,0.48,0.73,1.31,0.13,2.67
2021-09-09,0.02,0.48,0.72,1.29,0.12,2.63
2021-09-10,0.02,0.49,0.71,1.28,0.12,2.62
2021-09-11,0.02,0.46,0.65,1.16,0.12,2.4
2021-09-12,0.02,0.41,0.62,1.12,0.12,2.29
2021-09-13,0.02,0.48,0.71,1.27,0.12,2.6
2021-09-14,0.02,0.49,0.75,1.35,0.12,2.73
2021-09-15,0.02,0.49,0.71,1.27,0.12,2.61
2021-09-16,0.02,0.49,0.7,1.26,0.12,2.59
2021-09-17,0.02,0.5,0.71,1.28,0.12,2.63
2021-09-18,0.02,0.45,0.64,1.14,0.12,2.37
2021-09-19,0.02,0.46,0.53,0.95,0.12,2.08
2021-09-20,0.02,0.28,0.6,1.08,0.12,2.1
2021-09-21,0.02,0.5,0.71,1.27,0.12,2.61
2021-09-22,0.02,0.49,0.77,1.38,0.12,2.78
2021-09-23,0.02,0.46,0.71,1.27,0.12,2.58
2021-09-24,0.02,0.51,0.72,1.3,0.13,2.67
2021-09-25,0.02,0.47,0.61,1.09,0.13,2.32
2021-09-26,0.02,0.43,0.59,1.05,0.14,2.23
2021-09-27,0.02,0.49,0.66,1.18,0.13,2.48
2021-09-28,0.02,0.49,0.71,1.27,0.12,2.61
2021-09-29,0.02,0.49,0.71,1.28,0.12,2.62
2021-09-30,0.02,0.49,0.75,1.34,0.12,2.71
2021-10-01,0.02,0.48,0.76,1.14,0.13,2.52
2021-10-02,0.02,0.48,0.65,0.98,0.12,2.24
2021-10-03,0.02,0.44,0.59,0.89,0.12,2.06
2021-10-04,0.02,0.49,0.72,1.08,0.12,2.42
2021-10-05,0.02,0.49,0.82,1.24,0.12,2.69
2021-10-06,0.02,0.49,0.8,1.21,0.13,2.65
2021-10-07,0.02,0.49,0.78,1.18,0.13,2.6
2021-10-08,0.02,0.5,0.81,1.22,0.12,2.68
2021-10-09,0.02,0.48,0.68,1.02,0.12,2.32
2021-10-10,0.02,0.43,0.62,0.94,0.12,2.13
2021-10-11,0.02,0.32,0.79,1.2,0.13,2.46
2021-10-12,0.02,0.49,0.8,1.21,0.14,2.66
2021-10-13,0.02,0.49,0.77,1.17,0.16,2.61
2021-10-14,0.02,0.5,0.76,1.14,0.13,2.55
2021-10-15,0.02,0.5,0.74,1.12,0.13,2.52
2021-10-16,0.02,0.49,0.64,0.96,0.14,2.25
2021-10-17,0.02,0.45,0.55,0.83,0.3,2.15
2021-10-18,0.02,0.5,0.68,1.02,0.27,2.48
2021-10-19,0.02,0.49,0.73,1.1,0.25,2.59
2021-10-20,0.02,0.5,0.72,1.08,0.29,2.6
2021-10-21,0.02,0.5,0.65,0.98,0.3,2.45
2021-10-22,0.02,0.51,0.75,1.13,0.32,2.71
2021-10-23,0.02,0.49,0.62,0.93,0.33,2.39
2021-10-24,0.02,0.46,0.57,0.86,0.28,2.19
2021-10-25,0.02,0.5,0.74,1.11,0.28,2.65
2021-10-26,0.02,0.5,0.66,1.0,0.24,2.41
2021-10-27,0.02,0.49,0.73,1.11,0.23,2.59
2021-10-28,0.02,0.5,0.72,1.09,0.22,2.55
2021-10-29,0.02,0.5,0.71,1.07,0.29,2.6
2021-10-30,0.02,0.49,0.61,0.92,0.24,2.29
2021-10-31,0.02,0.44,0.57,0.86,0.25,2.14
