date,Domestic Aviation,Ground Transport,Industry,Power,Residential,美国
2019-01-01,0.38,3.42,2.76,3.97,2.64,13.17
2019-01-02,0.47,4.31,2.99,4.62,3.17,15.56
2019-01-03,0.5,4.45,2.94,4.45,2.98,15.32
2019-01-04,0.48,4.62,2.92,4.36,2.82,15.21
2019-01-05,0.44,4.42,2.81,4.03,2.61,14.31
2019-01-06,0.42,3.96,2.56,3.45,2.51,12.9
2019-01-07,0.44,4.25,2.71,3.89,2.57,13.86
2019-01-08,0.47,4.26,2.72,3.79,2.32,13.56
2019-01-09,0.45,4.29,2.84,4.33,2.76,14.68
2019-01-10,0.52,4.41,2.97,4.83,3.34,16.06
2019-01-11,0.4,4.58,2.94,4.96,3.41,16.28
2019-01-12,0.4,4.37,2.83,4.58,3.31,15.49
2019-01-13,0.36,3.91,2.92,4.84,3.38,15.41
2019-01-14,0.43,4.27,3.12,5.39,3.53,16.73
2019-01-15,0.45,4.25,3.05,5.35,3.45,16.55
2019-01-16,0.41,4.32,2.97,5.28,3.18,16.16
2019-01-17,0.47,4.45,2.97,5.2,3.09,16.19
2019-01-18,0.49,4.6,2.78,4.56,2.95,15.38
2019-01-19,0.4,4.4,2.82,4.41,3.05,15.08
2019-01-20,0.32,3.97,3.01,4.98,3.57,15.86
2019-01-21,0.4,4.25,3.03,5.5,4.38,17.56
2019-01-22,0.46,4.28,2.94,5.37,3.81,16.86
2019-01-23,0.44,4.37,3.01,5.07,3.08,15.99
2019-01-24,0.47,4.53,2.99,4.86,2.93,15.79
2019-01-25,0.49,4.68,3.14,5.29,3.68,17.27
2019-01-26,0.41,4.46,3.02,5.05,3.75,16.69
2019-01-27,0.38,3.96,2.87,4.68,3.42,15.31
2019-01-28,0.4,4.21,2.86,4.74,3.32,15.53
2019-01-29,0.44,4.2,3.17,5.48,3.7,16.99
2019-01-30,0.43,4.16,3.32,6.02,4.37,18.3
2019-01-31,0.46,4.26,3.39,6.08,4.67,18.85
2019-02-01,0.49,4.39,2.86,5.27,3.95,16.97
2019-02-02,0.43,4.21,2.61,4.07,3.28,14.59
2019-02-03,0.37,3.78,2.43,3.54,2.44,12.56
2019-02-04,0.43,4.28,2.59,3.98,2.26,13.55
2019-02-05,0.48,4.21,2.73,4.39,2.49,14.3
2019-02-06,0.46,4.39,2.72,4.43,2.6,14.6
2019-02-07,0.48,4.55,2.77,4.37,2.65,14.81
2019-02-08,0.5,4.67,2.96,4.73,3.37,16.22
2019-02-09,0.42,4.44,2.95,4.71,3.89,16.42
2019-02-10,0.38,4.03,2.91,4.71,3.64,15.67
2019-02-11,0.44,4.42,2.85,4.7,3.2,15.6
2019-02-12,0.44,4.35,2.83,4.44,3.01,15.07
2019-02-13,0.47,4.49,2.78,4.27,3.13,15.13
2019-02-14,0.51,4.66,2.77,4.12,2.73,14.8
2019-02-15,0.53,4.79,2.81,4.11,2.65,14.89
2019-02-16,0.45,4.55,2.84,4.3,3.12,15.26
2019-02-17,0.38,3.94,2.79,4.23,3.34,14.68
2019-02-18,0.45,4.24,2.97,4.8,3.39,15.85
2019-02-19,0.5,4.25,3.15,5.24,3.74,16.88
2019-02-20,0.46,4.39,2.99,4.86,3.43,16.14
2019-02-21,0.5,4.55,2.9,4.53,2.99,15.47
2019-02-22,0.51,4.68,2.96,4.64,2.93,15.71
2019-02-23,0.44,4.46,2.73,3.93,2.81,14.37
2019-02-24,0.41,3.95,2.75,3.87,2.67,13.64
2019-02-25,0.45,4.46,2.92,4.41,3.19,15.43
2019-02-26,0.49,4.35,2.95,4.64,3.22,15.66
2019-02-27,0.5,4.28,2.94,4.6,3.11,15.45
2019-02-28,0.52,4.4,2.96,4.6,3.24,15.72
2019-03-01,0.48,4.28,3.03,4.72,3.05,15.55
2019-03-02,0.42,4.08,2.84,4.44,2.86,14.63
2019-03-03,0.39,3.59,2.83,4.4,3.08,14.29
2019-03-04,0.43,4.02,3.18,5.35,3.74,16.72
2019-03-05,0.47,3.91,3.21,5.5,3.91,16.99
2019-03-06,0.47,3.98,3.07,5.26,3.73,16.51
2019-03-07,0.49,4.12,2.92,4.92,3.34,15.79
2019-03-08,0.5,4.56,2.85,4.61,2.93,15.45
2019-03-09,0.44,4.33,2.59,3.75,2.59,13.71
2019-03-10,0.44,3.83,2.57,3.48,2.34,12.67
2019-03-11,0.47,4.45,2.81,4.22,2.34,14.28
2019-03-12,0.48,4.2,2.67,3.94,2.39,13.68
2019-03-13,0.47,4.18,2.62,3.75,2.18,13.21
2019-03-14,0.48,4.3,2.59,3.57,1.73,12.67
2019-03-15,0.51,4.75,2.64,3.65,1.85,13.4
2019-03-16,0.45,4.51,2.73,3.76,2.31,13.77
2019-03-17,0.44,4.08,2.73,3.82,2.53,13.6
2019-03-18,0.46,4.58,2.84,4.24,2.48,14.61
2019-03-19,0.48,4.52,2.76,4.05,2.39,14.2
2019-03-20,0.49,4.44,2.78,4.06,2.25,14.02
2019-03-21,0.5,4.54,2.8,4.07,2.13,14.04
2019-03-22,0.5,4.98,2.65,3.72,2.15,14.0
2019-03-23,0.45,4.72,2.55,3.41,2.23,13.37
2019-03-24,0.43,4.32,2.58,3.42,1.95,12.7
2019-03-25,0.45,4.98,2.77,3.88,1.88,13.96
2019-03-26,0.48,4.93,2.73,3.86,2.25,14.24
2019-03-27,0.49,4.67,2.57,3.55,2.14,13.41
2019-03-28,0.51,4.74,2.59,3.46,1.77,13.06
2019-03-29,0.5,4.85,2.59,3.51,1.61,13.06
2019-03-30,0.45,4.6,2.46,3.11,1.63,12.24
2019-03-31,0.44,4.28,2.61,3.48,2.15,12.95
2019-04-01,0.47,4.66,2.94,3.94,2.46,14.47
2019-04-02,0.5,4.61,2.83,3.88,2.15,13.97
2019-04-03,0.49,4.51,2.74,3.61,1.77,13.12
2019-04-04,0.5,4.61,2.87,3.72,1.61,13.31
2019-04-05,0.51,4.73,2.79,3.69,1.72,13.45
2019-04-06,0.44,4.49,2.66,3.29,1.42,12.3
2019-04-07,0.42,4.11,2.61,3.12,1.12,11.39
2019-04-08,0.47,4.64,2.82,3.72,0.92,12.58
2019-04-09,0.5,4.62,2.7,3.55,1.1,12.47
2019-04-10,0.53,4.45,2.55,3.31,1.49,12.34
2019-04-11,0.35,4.54,2.62,3.41,1.64,12.56
2019-04-12,0.51,4.64,2.63,3.5,1.49,12.77
2019-04-13,0.44,4.38,2.52,3.24,1.37,11.94
2019-04-14,0.4,4.1,2.54,3.22,1.51,11.78
2019-04-15,0.47,4.54,2.58,3.32,1.58,12.49
2019-04-16,0.5,4.53,2.63,3.38,1.42,12.46
2019-04-17,0.5,4.45,2.64,3.27,1.16,12.02
2019-04-18,0.51,4.55,2.61,3.28,1.08,12.03
2019-04-19,0.48,4.68,2.64,3.23,1.17,12.21
2019-04-20,0.43,4.44,2.46,2.79,1.28,11.4
2019-04-21,0.4,4.12,2.33,2.56,1.21,10.62
2019-04-22,0.48,4.62,2.6,3.18,1.05,11.93
2019-04-23,0.5,4.57,2.73,3.51,0.93,12.23
2019-04-24,0.49,4.45,2.83,3.72,1.05,12.55
2019-04-25,0.52,4.56,2.78,3.56,1.06,12.48
2019-04-26,0.5,4.68,2.65,3.33,1.1,12.27
2019-04-27,0.44,4.46,2.52,2.97,1.38,11.77
2019-04-28,0.44,4.12,2.55,3.06,1.5,11.65
2019-04-29,0.47,4.59,2.76,3.59,1.47,12.89
2019-04-30,0.49,4.56,2.82,3.81,1.33,13.01
2019-05-01,0.5,4.93,2.76,3.92,1.21,13.31
2019-05-02,0.5,5.03,2.73,3.89,1.11,13.26
2019-05-03,0.51,5.16,2.73,3.91,1.16,13.47
2019-05-04,0.43,4.9,2.61,3.68,1.08,12.72
2019-05-05,0.42,4.55,2.46,3.33,1.05,11.81
2019-05-06,0.47,4.29,2.62,3.69,0.96,12.02
2019-05-07,0.49,4.38,2.68,3.78,1.01,12.34
2019-05-08,0.49,4.41,2.58,3.68,1.03,12.19
2019-05-09,0.52,4.52,2.6,3.71,1.05,12.4
2019-05-10,0.51,4.68,2.68,3.87,1.13,12.87
2019-05-11,0.43,4.44,2.55,3.43,1.15,12.0
2019-05-12,0.39,4.19,2.49,3.33,1.34,11.74
2019-05-13,0.46,4.28,2.61,3.72,1.39,12.47
2019-05-14,0.51,4.38,2.64,3.76,1.29,12.58
2019-05-15,0.51,4.5,2.7,3.83,1.04,12.57
2019-05-16,0.53,4.57,2.63,3.7,0.79,12.22
2019-05-17,0.54,4.82,2.58,3.67,0.83,12.43
2019-05-18,0.44,4.55,2.55,3.57,0.88,11.99
2019-05-19,0.45,4.17,2.57,3.61,0.84,11.64
2019-05-20,0.49,4.41,2.65,3.98,0.95,12.49
2019-05-21,0.52,4.45,2.59,3.79,1.09,12.44
2019-05-22,0.53,4.54,2.63,4.0,0.92,12.62
2019-05-23,0.53,4.55,2.73,4.19,0.79,12.78
2019-05-24,0.54,4.95,2.72,4.23,0.77,13.21
2019-05-25,0.46,4.7,2.56,3.85,0.73,12.31
2019-05-26,0.38,4.44,2.55,3.92,0.71,12.0
2019-05-27,0.43,4.23,2.51,3.85,0.76,11.78
2019-05-28,0.48,4.62,2.75,4.43,0.79,13.07
2019-05-29,0.49,4.65,2.86,4.66,0.8,13.46
2019-05-30,0.53,4.7,2.89,4.68,0.73,13.53
2019-05-31,0.54,5.04,2.88,4.6,0.65,13.71
2019-06-01,0.45,4.59,2.53,4.21,0.74,12.52
2019-06-02,0.43,4.3,2.51,4.13,0.78,12.14
2019-06-03,0.48,4.61,2.6,4.31,0.89,12.88
2019-06-04,0.51,4.5,2.6,4.36,0.85,12.82
2019-06-05,0.51,4.48,2.75,4.78,0.7,13.21
2019-06-06,0.53,4.72,2.75,4.85,0.71,13.56
2019-06-07,0.53,5.0,2.67,4.57,0.72,13.49
2019-06-08,0.46,4.71,2.51,3.89,0.73,12.3
2019-06-09,0.44,4.32,2.47,3.73,0.73,11.69
2019-06-10,0.48,4.5,2.69,4.35,0.71,12.72
2019-06-11,0.53,4.5,2.65,4.36,0.7,12.73
2019-06-12,0.53,4.56,2.61,4.1,0.71,12.52
2019-06-13,0.55,4.64,2.53,3.98,0.86,12.57
2019-06-14,0.54,4.97,2.38,3.63,0.8,12.31
2019-06-15,0.47,4.71,2.45,3.78,0.7,12.1
2019-06-16,0.45,4.27,2.52,4.06,0.74,12.04
2019-06-17,0.5,4.46,2.73,4.81,0.73,13.24
2019-06-18,0.52,4.44,2.74,4.94,0.69,13.34
2019-06-19,0.53,4.49,2.77,5.03,0.68,13.5
2019-06-20,0.54,4.54,2.64,4.82,0.72,13.26
2019-06-21,0.55,4.81,2.6,4.46,0.74,13.16
2019-06-22,0.48,4.64,2.49,4.14,0.72,12.47
2019-06-23,0.46,4.38,2.52,4.19,0.7,12.25
2019-06-24,0.49,4.55,2.68,4.79,0.68,13.19
2019-06-25,0.52,4.56,2.7,4.99,0.67,13.44
2019-06-26,0.52,4.61,2.77,5.2,0.67,13.77
2019-06-27,0.53,4.71,2.72,5.31,0.68,13.95
2019-06-28,0.52,4.93,2.76,5.41,0.67,14.28
2019-06-29,0.46,4.75,2.72,5.24,0.66,13.83
2019-06-30,0.44,4.43,2.64,5.05,0.65,13.21
2019-07-01,0.44,4.5,2.48,5.45,0.66,13.53
2019-07-02,0.46,4.51,2.53,5.61,0.67,13.79
2019-07-03,0.48,4.57,2.53,5.52,0.68,13.78
2019-07-04,0.4,4.24,2.4,5.04,0.67,12.75
2019-07-05,0.38,4.91,2.5,5.31,0.67,13.77
2019-07-06,0.42,4.73,2.5,5.23,0.67,13.55
2019-07-07,0.45,4.44,2.52,5.13,0.67,13.22
2019-07-08,0.49,4.55,2.57,5.37,0.67,13.65
2019-07-09,0.52,4.5,2.61,5.52,0.67,13.82
2019-07-10,0.52,4.56,2.69,5.82,0.66,14.25
2019-07-11,0.5,4.67,2.72,5.89,0.65,14.44
2019-07-12,0.52,4.92,2.68,5.62,0.65,14.39
2019-07-13,0.47,4.72,2.67,5.57,0.65,14.08
2019-07-14,0.45,4.41,2.63,5.54,0.65,13.69
2019-07-15,0.48,4.51,2.7,5.93,0.65,14.28
2019-07-16,0.51,4.48,2.7,6.07,0.65,14.42
2019-07-17,0.52,4.58,2.7,6.03,0.66,14.48
2019-07-18,0.52,4.61,2.65,5.84,0.66,14.28
2019-07-19,0.53,4.95,2.69,6.01,0.66,14.85
2019-07-20,0.46,4.76,2.62,5.71,0.66,14.22
2019-07-21,0.45,4.44,2.63,5.71,0.66,13.88
2019-07-22,0.48,4.54,2.64,5.69,0.65,13.99
2019-07-23,0.51,4.5,2.63,5.36,0.65,13.65
2019-07-24,0.53,4.59,2.62,5.25,0.65,13.64
2019-07-25,0.53,4.6,2.59,5.07,0.65,13.44
2019-07-26,0.53,4.95,2.62,5.15,0.65,13.9
2019-07-27,0.47,4.77,2.6,5.09,0.65,13.58
2019-07-28,0.45,4.47,2.61,5.14,0.65,13.33
2019-07-29,0.47,4.57,2.75,5.78,0.65,14.22
2019-07-30,0.5,4.5,2.77,5.83,0.66,14.26
2019-07-31,0.51,4.62,2.71,5.54,0.65,14.03
2019-08-01,0.52,4.81,2.76,5.45,0.68,14.22
2019-08-02,0.51,5.04,2.76,5.36,0.67,14.34
2019-08-03,0.46,4.88,2.73,5.27,0.67,14.02
2019-08-04,0.45,4.5,2.77,5.32,0.67,13.71
2019-08-05,0.48,4.6,2.88,5.74,0.67,14.37
2019-08-06,0.5,4.6,2.94,5.87,0.67,14.58
2019-08-07,0.5,4.67,2.81,5.77,0.67,14.43
2019-08-08,0.51,4.51,2.72,5.67,0.68,14.09
2019-08-09,0.52,5.0,2.71,5.6,0.68,14.5
2019-08-10,0.46,4.81,2.59,5.13,0.68,13.67
2019-08-11,0.44,4.49,2.56,5.04,0.69,13.22
2019-08-12,0.48,4.58,2.79,5.8,0.68,14.32
2019-08-13,0.5,4.56,2.84,6.05,0.67,14.62
2019-08-14,0.5,4.64,2.8,5.91,0.67,14.52
2019-08-15,0.51,4.67,2.77,5.73,0.67,14.35
2019-08-16,0.52,5.01,2.72,5.53,0.68,14.45
2019-08-17,0.45,4.82,2.63,5.23,0.68,13.81
2019-08-18,0.43,4.49,2.62,5.29,0.68,13.52
2019-08-19,0.47,4.59,2.78,5.96,0.68,14.47
2019-08-20,0.49,4.55,2.81,5.92,0.68,14.44
2019-08-21,0.49,4.64,2.76,5.84,0.68,14.41
2019-08-22,0.51,4.64,2.74,5.69,0.69,14.28
2019-08-23,0.5,5.0,2.61,5.08,0.7,13.89
2019-08-24,0.45,4.82,2.46,4.39,0.71,12.83
2019-08-25,0.42,4.48,2.42,4.25,0.7,12.27
2019-08-26,0.46,4.57,2.59,4.8,0.71,13.13
2019-08-27,0.48,4.55,2.57,4.9,0.71,13.22
2019-08-28,0.49,4.65,2.63,5.04,0.69,13.5
2019-08-29,0.51,4.61,2.6,4.9,0.68,13.29
2019-08-30,0.52,5.01,2.55,4.89,0.69,13.66
2019-08-31,0.44,4.83,2.49,4.52,0.71,12.99
2019-09-01,0.35,4.6,2.67,4.55,0.62,12.8
2019-09-02,0.42,4.56,2.73,4.78,0.6,13.1
2019-09-03,0.43,4.43,2.84,5.18,0.6,13.48
2019-09-04,0.47,4.52,2.95,5.49,0.61,14.04
2019-09-05,0.5,4.51,2.91,5.27,0.65,13.85
2019-09-06,0.5,4.89,2.85,5.14,0.66,14.03
2019-09-07,0.43,4.71,2.68,4.73,0.65,13.2
2019-09-08,0.42,4.49,2.56,4.48,0.67,12.63
2019-09-09,0.47,4.46,2.66,4.93,0.69,13.21
2019-09-10,0.5,4.44,2.73,5.21,0.64,13.51
2019-09-11,0.5,4.49,2.8,5.39,0.63,13.81
2019-09-12,0.53,4.51,2.8,5.39,0.65,13.88
2019-09-13,0.53,4.88,2.79,5.15,0.69,14.04
2019-09-14,0.44,4.7,2.67,4.62,0.66,13.09
2019-09-15,0.43,4.47,2.69,4.74,0.62,12.95
2019-09-16,0.48,4.46,2.79,5.24,0.63,13.6
2019-09-17,0.5,4.42,2.69,5.07,0.67,13.35
2019-09-18,0.5,4.47,2.66,4.96,0.71,13.3
2019-09-19,0.51,4.49,2.64,4.78,0.78,13.2
2019-09-20,0.52,4.84,2.59,4.61,0.71,13.26
2019-09-21,0.45,4.61,2.51,4.26,0.64,12.47
2019-09-22,0.44,4.28,2.61,4.55,0.65,12.53
2019-09-23,0.48,4.3,2.74,5.11,0.65,13.27
2019-09-24,0.51,4.3,2.64,4.76,0.64,12.85
2019-09-25,0.51,4.28,2.62,4.82,0.66,12.88
2019-09-26,0.52,4.37,2.62,4.82,0.68,13.01
2019-09-27,0.52,4.7,2.51,4.62,0.73,13.08
2019-09-28,0.44,4.48,2.52,4.43,0.74,12.62
2019-09-29,0.43,4.13,2.44,4.22,0.81,12.03
2019-09-30,0.48,4.17,2.59,4.72,0.81,12.78
2019-10-01,0.49,4.84,3.0,5.02,0.68,14.03
2019-10-02,0.48,4.79,3.11,5.36,0.69,14.43
2019-10-03,0.51,4.92,3.02,5.0,0.81,14.25
2019-10-04,0.51,5.27,2.92,4.54,0.9,14.15
2019-10-05,0.43,5.01,2.7,3.73,1.04,12.91
2019-10-06,0.43,4.61,2.69,3.75,0.81,12.3
2019-10-07,0.47,4.68,2.83,4.22,0.75,12.94
2019-10-08,0.49,4.71,2.67,3.83,0.85,12.54
2019-10-09,0.48,4.67,2.64,3.74,0.91,12.45
2019-10-10,0.5,4.79,2.74,3.93,0.9,12.86
2019-10-11,0.51,5.08,2.6,3.63,0.99,12.8
2019-10-12,0.44,4.84,2.48,3.18,1.27,12.21
2019-10-13,0.42,4.41,2.52,3.29,1.18,11.82
2019-10-14,0.47,5.65,2.74,3.8,1.11,13.77
2019-10-15,0.49,4.59,2.68,3.71,1.08,12.54
2019-10-16,0.49,4.55,2.71,3.85,1.11,12.71
2019-10-17,0.51,4.68,2.62,3.54,1.26,12.61
2019-10-18,0.52,4.94,2.53,3.35,1.27,12.6
2019-10-19,0.44,4.7,2.6,3.44,1.26,12.44
2019-10-20,0.42,4.24,2.52,3.3,1.11,11.58
2019-10-21,0.47,4.47,2.63,3.61,0.98,12.16
2019-10-22,0.49,4.54,2.64,3.67,1.02,12.37
2019-10-23,0.5,4.51,2.62,3.58,1.12,12.34
2019-10-24,0.51,4.55,2.74,3.78,1.26,12.84
2019-10-25,0.51,4.78,2.73,3.77,1.32,13.11
2019-10-26,0.44,4.62,2.62,3.38,1.25,12.3
2019-10-27,0.42,4.34,2.54,3.19,1.13,11.61
2019-10-28,0.45,4.39,2.83,3.93,1.32,12.92
2019-10-29,0.46,4.35,2.91,4.17,1.43,13.32
2019-10-30,0.46,4.03,2.93,4.12,1.49,13.03
2019-10-31,0.45,4.43,2.95,4.24,1.49,13.55
2019-11-01,0.47,4.76,2.74,3.96,2.19,14.13
2019-11-02,0.43,4.58,2.71,3.76,2.24,13.72
2019-11-03,0.4,4.22,2.6,3.38,2.13,12.72
2019-11-04,0.48,4.47,2.75,4.01,1.9,13.62
2019-11-05,0.49,4.46,2.88,4.27,1.75,13.85
2019-11-06,0.5,4.43,2.8,4.13,1.89,13.75
2019-11-07,0.52,4.54,2.9,4.32,2.09,14.36
2019-11-08,0.53,4.82,2.98,4.48,2.58,15.4
2019-11-09,0.46,4.59,2.81,4.17,2.55,14.59
2019-11-10,0.43,4.36,2.68,3.71,2.06,13.24
2019-11-11,0.47,4.35,2.78,4.11,2.13,13.84
2019-11-12,0.5,4.44,3.24,5.02,2.87,16.06
2019-11-13,0.51,4.54,3.23,5.21,3.29,16.78
2019-11-14,0.53,4.61,3.15,5.1,2.82,16.21
2019-11-15,0.54,4.67,3.03,4.57,2.5,15.3
2019-11-16,0.46,4.57,2.79,3.97,2.45,14.24
2019-11-17,0.42,4.19,2.85,4.1,2.44,14.01
2019-11-18,0.48,4.41,3.01,4.41,2.17,14.48
2019-11-19,0.51,4.56,2.91,4.24,2.04,14.26
2019-11-20,0.52,4.47,2.76,3.87,2.01,13.64
2019-11-21,0.53,4.49,2.78,3.93,2.02,13.75
2019-11-22,0.55,4.76,2.87,4.03,2.11,14.32
2019-11-23,0.5,4.52,2.82,3.77,2.46,14.07
2019-11-24,0.45,4.1,2.75,3.67,2.28,13.26
2019-11-25,0.47,4.51,2.77,3.76,2.12,13.64
2019-11-26,0.51,4.67,2.74,3.68,2.07,13.67
2019-11-27,0.55,4.9,2.78,3.63,2.01,13.87
2019-11-28,0.43,4.52,2.79,3.6,2.39,13.73
2019-11-29,0.32,4.68,2.78,3.68,2.59,14.05
2019-11-30,0.45,4.6,2.62,3.24,2.45,13.37
2019-12-01,0.52,4.35,2.68,3.5,2.58,13.63
2019-12-02,0.53,4.28,2.98,4.37,2.82,14.97
2019-12-03,0.53,4.38,2.87,4.27,2.88,14.93
2019-12-04,0.53,4.32,2.88,4.33,2.63,14.7
2019-12-05,0.55,4.36,2.81,4.09,2.5,14.31
2019-12-06,0.54,4.55,2.83,4.25,2.45,14.62
2019-12-07,0.46,4.28,2.69,3.77,2.68,13.88
2019-12-08,0.43,4.12,2.64,3.74,2.62,13.55
2019-12-09,0.47,4.21,2.72,3.88,2.1,13.38
2019-12-10,0.52,4.36,2.9,4.24,2.42,14.44
2019-12-11,0.52,4.38,3.0,4.61,3.19,15.7
2019-12-12,0.55,4.51,3.0,4.63,3.12,15.81
2019-12-13,0.53,4.68,2.99,4.54,2.7,15.44
2019-12-14,0.46,4.47,2.84,4.04,2.43,14.23
2019-12-15,0.42,4.02,2.83,4.04,2.72,14.03
2019-12-16,0.47,4.26,2.96,4.39,2.93,15.01
2019-12-17,0.51,4.31,3.08,4.57,3.07,15.54
2019-12-18,0.53,4.32,2.98,4.81,3.4,16.04
2019-12-19,0.56,4.44,3.08,4.8,3.62,16.51
2019-12-20,0.58,4.92,3.04,4.55,3.25,16.33
2019-12-21,0.55,4.65,2.92,4.05,2.98,15.15
2019-12-22,0.52,4.32,2.88,3.98,2.78,14.48
2019-12-23,0.52,4.7,2.88,3.87,2.51,14.49
2019-12-24,0.5,4.38,2.66,3.36,2.43,13.34
2019-12-25,0.36,4.2,2.6,3.17,2.49,12.83
2019-12-26,0.48,4.46,2.73,3.56,2.33,13.56
2019-12-27,0.55,4.63,2.71,3.52,2.27,13.68
2019-12-28,0.5,4.38,2.62,3.25,2.27,13.03
2019-12-29,0.49,3.88,2.58,3.12,2.2,12.26
2019-12-30,0.48,3.55,2.75,3.48,2.39,12.64
2019-12-31,0.49,4.62,2.78,3.54,2.8,14.24
2020-01-01,0.4,3.64,2.61,3.16,2.9,12.72
2020-01-02,0.48,4.46,2.72,3.68,2.61,13.95
2020-01-03,0.53,4.66,2.72,3.65,2.3,13.86
2020-01-04,0.49,4.28,2.68,3.43,2.46,13.34
2020-01-05,0.49,3.8,2.6,3.3,2.84,13.03
2020-01-06,0.5,4.33,2.8,3.82,2.83,14.28
2020-01-07,0.49,4.32,2.82,3.88,2.82,14.34
2020-01-08,0.42,4.41,2.64,3.62,3.11,14.2
2020-01-09,0.49,4.45,2.73,3.71,3.02,14.39
2020-01-10,0.51,4.59,2.69,3.43,2.4,13.61
2020-01-11,0.42,3.98,2.68,3.21,2.17,12.46
2020-01-12,0.41,3.67,2.77,3.42,2.41,12.69
2020-01-13,0.47,4.21,2.81,3.72,2.7,13.91
2020-01-14,0.48,4.33,2.84,3.71,2.5,13.86
2020-01-15,0.49,4.35,2.63,3.34,2.45,13.27
2020-01-16,0.51,4.49,2.88,3.86,2.74,14.49
2020-01-17,0.52,4.63,2.89,4.04,3.39,15.47
2020-01-18,0.42,4.03,2.77,3.75,3.23,14.21
2020-01-19,0.39,3.71,2.93,4.1,3.35,14.48
2020-01-20,0.46,4.36,3.23,5.13,3.79,16.97
2020-01-21,0.5,4.37,3.08,4.89,3.78,16.62
2020-01-22,0.48,4.36,2.86,4.51,3.46,15.68
2020-01-23,0.51,4.46,3.02,4.4,3.04,15.43
2020-01-24,0.52,4.69,2.93,4.03,2.69,14.85
2020-01-25,0.44,4.26,2.8,3.6,2.62,13.73
2020-01-26,0.41,3.79,2.84,3.73,2.69,13.45
2020-01-27,0.47,4.29,2.88,3.97,2.74,14.35
2020-01-28,0.49,4.34,2.88,4.01,2.8,14.52
2020-01-29,0.49,4.38,3.07,4.33,3.01,15.28
2020-01-30,0.52,4.78,3.13,4.32,3.15,15.89
2020-01-31,0.52,5.07,2.97,4.04,2.94,15.54
2020-02-01,0.44,4.26,2.79,3.36,2.65,13.51
2020-02-02,0.4,3.68,2.59,2.96,2.37,12.01
2020-02-03,0.47,4.35,2.66,3.16,2.19,12.84
2020-02-04,0.5,4.39,2.73,3.35,2.3,13.27
2020-02-05,0.48,4.31,2.98,3.9,2.8,14.48
2020-02-06,0.49,4.3,3.08,4.08,2.92,14.87
2020-02-07,0.51,4.51,2.97,3.92,2.86,14.77
2020-02-08,0.46,4.12,2.82,3.66,3.07,14.13
2020-02-09,0.41,3.59,2.64,3.15,2.87,12.65
2020-02-10,0.47,4.45,2.95,3.85,2.55,14.28
2020-02-11,0.49,4.48,2.93,3.82,2.52,14.23
2020-02-12,0.49,4.59,2.97,3.84,2.68,14.57
2020-02-13,0.51,4.68,3.05,4.09,2.91,15.25
2020-02-14,0.56,5.17,3.07,4.18,3.59,16.57
2020-02-15,0.47,4.78,2.82,3.73,3.5,15.3
2020-02-16,0.41,4.23,2.75,3.48,2.71,13.58
2020-02-17,0.47,3.99,2.83,3.57,2.47,13.33
2020-02-18,0.52,4.68,2.81,3.64,2.36,14.0
2020-02-19,0.52,4.72,3.02,4.19,2.72,15.17
2020-02-20,0.52,4.7,2.96,4.36,3.24,15.78
2020-02-21,0.53,5.16,2.95,4.24,3.42,16.3
2020-02-22,0.47,4.85,2.77,3.53,2.88,14.5
2020-02-23,0.44,3.94,2.6,3.22,2.45,12.65
2020-02-24,0.49,4.14,2.77,3.57,2.27,13.23
2020-02-25,0.5,4.31,2.73,3.45,2.25,13.24
2020-02-26,0.51,3.96,2.87,3.85,2.48,13.66
2020-02-27,0.53,4.28,3.01,4.17,2.86,14.85
2020-02-28,0.54,4.56,3.03,4.18,2.94,15.25
2020-02-29,0.47,4.37,2.69,3.34,2.91,13.77
2020-03-01,0.44,3.74,2.55,3.05,2.54,12.32
2020-03-02,0.49,4.15,2.78,3.49,2.05,12.96
2020-03-03,0.51,4.6,2.71,3.38,1.78,12.98
2020-03-04,0.52,4.69,2.72,3.39,1.9,13.2
2020-03-05,0.54,4.74,2.66,3.28,2.1,13.32
2020-03-06,0.54,5.01,2.79,3.44,2.31,14.09
2020-03-07,0.48,4.72,2.55,2.95,2.47,13.17
2020-03-08,0.49,4.16,2.43,2.66,2.11,11.85
2020-03-09,0.5,4.49,2.7,3.19,1.58,12.47
2020-03-10,0.52,4.55,2.87,3.49,1.56,12.99
2020-03-11,0.53,5.26,2.84,3.47,1.77,13.87
2020-03-12,0.55,5.37,2.74,3.33,1.72,13.71
2020-03-13,0.55,5.24,2.75,3.32,1.67,13.54
2020-03-14,0.51,4.68,2.81,3.48,2.07,13.55
2020-03-15,0.48,3.55,2.79,3.49,2.28,12.58
2020-03-16,0.49,4.29,2.99,3.97,2.38,14.12
2020-03-17,0.52,4.1,2.87,3.73,2.08,13.3
2020-03-18,0.49,4.12,2.7,3.56,1.95,12.82
2020-03-19,0.47,3.95,2.7,3.39,1.71,12.21
2020-03-20,0.44,3.98,2.67,3.21,1.56,11.86
2020-03-21,0.4,3.3,2.77,3.35,2.21,12.03
2020-03-22,0.35,2.73,2.74,3.25,2.44,11.52
2020-03-23,0.33,3.32,2.88,3.68,2.19,12.4
2020-03-24,0.35,3.36,2.82,3.45,1.99,11.97
2020-03-25,0.34,3.37,2.76,3.32,1.92,11.7
2020-03-26,0.32,3.34,2.71,3.21,1.76,11.33
2020-03-27,0.29,3.35,2.71,3.17,1.56,11.07
2020-03-28,0.26,2.73,2.45,2.69,1.54,9.67
2020-03-29,0.25,2.48,2.39,2.67,1.51,9.29
2020-03-30,0.24,3.19,2.51,2.9,1.63,10.46
2020-03-31,0.26,3.23,2.6,3.11,1.89,11.09
2020-04-01,0.27,3.35,2.33,2.73,1.75,10.43
2020-04-02,0.24,3.44,2.38,2.74,1.63,10.44
2020-04-03,0.23,3.32,2.45,2.86,1.59,10.45
2020-04-04,0.21,2.73,2.53,2.96,1.68,10.11
2020-04-05,0.19,2.54,2.36,2.75,1.52,9.36
2020-04-06,0.19,3.17,2.38,2.85,1.32,9.92
2020-04-07,0.22,3.21,2.51,3.03,1.07,10.04
2020-04-08,0.22,3.25,2.51,3.17,1.04,10.19
2020-04-09,0.22,3.26,2.44,3.04,1.41,10.37
2020-04-10,0.21,3.23,2.36,2.77,1.81,10.39
2020-04-11,0.18,2.69,2.27,2.53,1.65,9.32
2020-04-12,0.15,2.05,2.22,2.51,1.43,8.36
2020-04-13,0.16,3.09,2.38,2.91,1.48,10.03
2020-04-14,0.19,3.29,2.45,3.24,1.85,11.02
2020-04-15,0.19,3.27,2.44,3.24,1.98,11.12
2020-04-16,0.18,3.16,2.33,3.01,1.93,10.61
2020-04-17,0.17,3.36,2.38,3.04,1.87,10.84
2020-04-18,0.15,2.87,2.24,2.59,1.74,9.59
2020-04-19,0.13,2.52,2.28,2.7,1.52,9.16
2020-04-20,0.14,3.37,2.36,3.0,1.38,10.25
2020-04-21,0.17,3.43,2.38,2.93,1.4,10.31
2020-04-22,0.18,3.46,2.26,2.79,1.54,10.23
2020-04-23,0.18,3.52,2.35,3.06,1.4,10.52
2020-04-24,0.18,3.55,2.28,2.91,1.3,10.21
2020-04-25,0.16,2.98,2.26,2.76,1.24,9.4
2020-04-26,0.14,2.68,2.12,2.53,1.25,8.72
2020-04-27,0.14,3.43,2.22,2.77,1.32,9.88
2020-04-28,0.18,3.48,2.31,2.77,1.09,9.82
2020-04-29,0.19,3.51,2.25,2.7,1.01,9.66
2020-04-30,0.19,3.58,2.34,2.79,1.1,10.0
2020-05-01,0.19,3.44,2.12,2.56,1.16,9.47
2020-05-02,0.16,3.02,2.11,2.52,0.87,8.69
2020-05-03,0.15,2.72,2.18,2.71,0.74,8.49
2020-05-04,0.14,3.33,2.28,2.96,1.04,9.75
2020-05-05,0.18,3.36,2.31,3.09,1.38,10.32
2020-05-06,0.19,3.43,2.3,3.11,1.44,10.46
2020-05-07,0.2,3.52,2.23,2.74,1.38,10.07
2020-05-08,0.2,3.53,2.23,2.72,1.5,10.18
2020-05-09,0.17,3.12,2.17,2.7,1.91,10.07
2020-05-10,0.15,2.9,2.12,2.47,1.58,9.22
2020-05-11,0.15,3.66,2.25,2.85,1.57,10.49
2020-05-12,0.18,3.77,2.34,3.02,1.63,10.93
2020-05-13,0.19,3.74,2.24,2.73,1.44,10.34
2020-05-14,0.2,3.82,2.36,2.96,1.05,10.39
2020-05-15,0.2,3.88,2.36,3.01,0.71,10.15
2020-05-16,0.17,3.38,2.32,3.03,0.74,9.64
2020-05-17,0.16,3.31,2.25,2.87,0.85,9.43
2020-05-18,0.16,3.93,2.37,3.11,0.89,10.46
2020-05-19,0.18,4.07,2.37,3.09,0.95,10.66
2020-05-20,0.21,4.15,2.3,2.97,1.06,10.68
2020-05-21,0.22,4.3,2.31,3.1,0.99,10.92
2020-05-22,0.21,4.51,2.41,3.31,0.75,11.19
2020-05-23,0.18,3.84,2.28,2.98,0.7,9.99
2020-05-24,0.15,3.31,2.27,2.95,0.78,9.45
2020-05-25,0.15,3.4,2.37,3.19,0.73,9.84
2020-05-26,0.17,3.84,2.6,3.8,0.63,11.04
2020-05-27,0.21,3.95,2.71,4.03,0.6,11.5
2020-05-28,0.22,3.96,2.64,3.93,0.59,11.33
2020-05-29,0.21,3.9,2.62,3.93,0.61,11.27
2020-05-30,0.18,3.62,2.4,3.4,0.66,10.27
2020-05-31,0.17,3.39,2.28,3.05,0.79,9.67
2020-06-01,0.2,3.92,2.22,3.38,0.98,10.7
2020-06-02,0.22,4.18,2.38,3.9,0.77,11.45
2020-06-03,0.23,4.34,2.55,4.52,0.68,12.32
2020-06-04,0.25,4.34,2.55,4.65,0.67,12.46
2020-06-05,0.26,4.52,2.49,4.55,0.68,12.49
2020-06-06,0.22,3.63,2.31,3.96,0.71,10.84
2020-06-07,0.21,3.76,2.23,3.65,0.77,10.62
2020-06-08,0.22,4.22,2.37,4.12,0.77,11.69
2020-06-09,0.25,4.09,2.45,4.37,0.76,11.91
2020-06-10,0.26,4.19,2.45,4.37,0.71,11.98
2020-06-11,0.28,4.31,2.36,4.15,0.68,11.79
2020-06-12,0.28,4.47,2.31,4.04,0.7,11.79
2020-06-13,0.24,4.17,2.13,3.32,0.82,10.68
2020-06-14,0.24,3.87,2.1,3.13,0.89,10.23
2020-06-15,0.24,4.07,2.27,3.68,0.78,11.05
2020-06-16,0.26,4.13,2.28,3.7,0.74,11.11
2020-06-17,0.27,4.28,2.25,3.73,0.72,11.25
2020-06-18,0.29,4.31,2.4,4.13,0.7,11.82
2020-06-19,0.29,4.32,2.52,4.35,0.7,12.18
2020-06-20,0.25,3.96,2.44,4.24,0.68,11.58
2020-06-21,0.24,3.68,2.35,4.06,0.67,11.01
2020-06-22,0.25,4.08,2.59,4.76,0.68,12.36
2020-06-23,0.27,4.2,2.6,4.72,0.67,12.45
2020-06-24,0.28,4.06,2.55,4.69,0.67,12.25
2020-06-25,0.3,4.27,2.55,4.56,0.67,12.34
2020-06-26,0.3,4.39,2.55,4.46,0.66,12.37
2020-06-27,0.26,4.05,2.44,4.24,0.66,11.66
2020-06-28,0.25,3.92,2.37,4.12,0.68,11.34
2020-06-29,0.25,4.07,2.52,4.57,0.71,12.1
2020-06-30,0.27,4.13,2.53,4.64,0.69,12.26
2020-07-01,0.3,4.31,2.35,4.81,0.66,12.43
2020-07-02,0.33,4.69,2.37,4.97,0.65,13.02
2020-07-03,0.32,4.52,2.39,5.05,0.64,12.91
2020-07-04,0.22,3.87,2.33,4.9,0.63,11.94
2020-07-05,0.25,4.0,2.35,4.97,0.63,12.2
2020-07-06,0.29,4.11,2.46,5.39,0.63,12.87
2020-07-07,0.32,4.17,2.47,5.38,0.64,12.97
2020-07-08,0.33,4.28,2.45,5.41,0.63,13.1
2020-07-09,0.35,4.36,2.44,5.47,0.63,13.25
2020-07-10,0.35,4.46,2.48,5.5,0.62,13.41
2020-07-11,0.32,4.07,2.44,5.12,0.62,12.57
2020-07-12,0.31,3.89,2.39,4.95,0.62,12.16
2020-07-13,0.31,4.15,2.44,5.24,0.63,12.76
2020-07-14,0.32,4.05,2.46,5.26,0.63,12.72
2020-07-15,0.34,4.08,2.52,5.38,0.63,12.94
2020-07-16,0.35,4.16,2.51,5.43,0.62,13.07
2020-07-17,0.36,4.22,2.47,5.38,0.62,13.05
2020-07-18,0.32,3.96,2.42,5.23,0.62,12.55
2020-07-19,0.3,3.75,2.46,5.34,0.62,12.47
2020-07-20,0.3,3.94,2.55,5.84,0.62,13.25
2020-07-21,0.32,4.09,2.56,5.76,0.62,13.35
2020-07-22,0.33,4.13,2.55,5.67,0.62,13.29
2020-07-23,0.35,4.18,2.48,5.43,0.63,13.06
2020-07-24,0.35,4.44,2.5,5.29,0.63,13.21
2020-07-25,0.32,3.99,2.4,5.05,0.63,12.4
2020-07-26,0.3,4.3,2.44,5.23,0.62,12.89
2020-07-27,0.3,4.37,2.57,5.84,0.62,13.69
2020-07-28,0.31,4.47,2.56,5.71,0.62,13.68
2020-07-29,0.28,4.43,2.54,5.65,0.62,13.51
2020-07-30,0.32,4.64,2.54,5.47,0.62,13.6
2020-07-31,0.34,4.67,2.52,5.34,0.62,13.49
2020-08-01,0.32,4.07,2.57,5.01,0.6,12.57
2020-08-02,0.3,3.99,2.53,4.82,0.61,12.24
2020-08-03,0.31,4.09,2.61,5.08,0.61,12.7
2020-08-04,0.31,3.9,2.53,4.87,0.62,12.23
2020-08-05,0.33,3.99,2.51,4.91,0.62,12.36
2020-08-06,0.35,4.13,2.48,4.87,0.61,12.43
2020-08-07,0.35,4.2,2.44,4.85,0.62,12.46
2020-08-08,0.32,3.88,2.46,4.78,0.61,12.05
2020-08-09,0.31,4.12,2.5,4.96,0.61,12.5
2020-08-10,0.3,4.22,2.66,5.64,0.6,13.43
2020-08-11,0.32,4.22,2.66,5.64,0.61,13.46
2020-08-12,0.33,4.29,2.64,5.58,0.61,13.46
2020-08-13,0.35,4.5,2.67,5.61,0.62,13.74
2020-08-14,0.36,4.79,2.7,5.67,0.61,14.12
2020-08-15,0.32,4.38,2.66,5.41,0.6,13.37
2020-08-16,0.31,4.57,2.58,5.12,0.6,13.17
2020-08-17,0.31,4.66,2.64,5.39,0.6,13.59
2020-08-18,0.32,4.66,2.65,5.44,0.6,13.67
2020-08-19,0.32,4.7,2.58,5.17,0.6,13.38
2020-08-20,0.35,4.77,2.54,5.03,0.61,13.29
2020-08-21,0.35,4.93,2.55,5.15,0.6,13.58
2020-08-22,0.31,4.55,2.52,5.12,0.6,13.1
2020-08-23,0.3,3.81,2.56,5.21,0.6,12.49
2020-08-24,0.31,3.85,2.71,5.79,0.6,13.26
2020-08-25,0.32,3.97,2.63,5.91,0.61,13.43
2020-08-26,0.31,3.97,2.45,5.61,0.61,12.96
2020-08-27,0.34,4.03,2.46,5.74,0.63,13.2
2020-08-28,0.34,4.29,2.43,5.57,0.61,13.25
2020-08-29,0.31,3.96,2.3,5.02,0.63,12.21
2020-08-30,0.29,3.93,2.18,4.51,0.64,11.56
2020-08-31,0.3,4.06,2.31,4.88,0.66,12.2
2020-09-01,0.31,4.21,2.76,5.23,0.61,13.12
2020-09-02,0.32,4.27,2.82,5.46,0.59,13.46
2020-09-03,0.35,4.57,2.79,5.35,0.58,13.65
2020-09-04,0.36,4.83,2.77,5.28,0.59,13.83
2020-09-05,0.3,4.41,2.62,4.54,0.59,12.47
2020-09-06,0.25,4.04,2.5,4.16,0.6,11.55
2020-09-07,0.29,4.24,2.53,4.26,0.59,11.92
2020-09-08,0.28,4.38,2.58,4.46,0.74,12.42
2020-09-09,0.3,4.44,2.58,4.56,0.83,12.71
2020-09-10,0.33,4.4,2.63,4.81,0.82,12.99
2020-09-11,0.33,4.71,2.67,4.77,0.76,13.24
2020-09-12,0.29,4.18,2.6,4.31,0.7,12.08
2020-09-13,0.28,3.97,2.59,4.29,0.65,11.78
2020-09-14,0.29,4.3,2.67,4.6,0.65,12.5
2020-09-15,0.3,4.4,2.62,4.37,0.79,12.48
2020-09-16,0.31,4.47,2.65,4.33,0.74,12.49
2020-09-17,0.32,4.58,2.66,4.44,0.67,12.68
2020-09-18,0.34,4.84,2.55,4.05,0.8,12.59
2020-09-19,0.29,4.53,2.33,3.2,1.07,11.43
2020-09-20,0.29,3.88,2.26,3.03,1.08,10.53
2020-09-21,0.29,3.78,2.41,3.55,1.01,11.03
2020-09-22,0.3,3.93,2.52,3.73,0.94,11.41
2020-09-23,0.31,4.05,2.55,3.85,0.67,11.43
2020-09-24,0.34,4.17,2.53,3.89,0.63,11.56
2020-09-25,0.34,4.43,2.44,3.81,0.63,11.66
2020-09-26,0.29,4.09,2.32,3.4,0.62,10.72
2020-09-27,0.29,3.89,2.35,3.46,0.65,10.64
2020-09-28,0.23,3.9,2.4,3.7,0.79,11.02
2020-09-29,0.25,4.05,2.41,3.81,0.9,11.42
2020-09-30,0.31,4.17,2.38,3.47,0.87,11.2
2020-10-01,0.34,4.46,2.67,3.56,0.83,11.86
2020-10-02,0.34,4.41,2.65,3.54,1.04,11.98
2020-10-03,0.29,4.18,2.59,3.23,1.12,11.42
2020-10-04,0.3,3.99,2.61,3.12,1.09,11.1
2020-10-05,0.29,4.12,2.52,3.32,1.03,11.29
2020-10-06,0.3,4.29,2.69,3.74,0.85,11.88
2020-10-07,0.31,4.44,2.72,3.86,0.61,11.94
2020-10-08,0.35,4.36,2.66,3.73,0.78,11.88
2020-10-09,0.35,4.59,2.62,3.58,0.81,11.95
2020-10-10,0.3,4.23,2.59,3.47,0.61,11.19
2020-10-11,0.3,4.06,2.47,3.23,0.69,10.75
2020-10-12,0.31,4.3,2.64,3.71,0.82,11.78
2020-10-13,0.32,4.35,2.6,3.73,0.9,11.9
2020-10-14,0.32,4.43,2.5,3.51,0.89,11.63
2020-10-15,0.36,4.39,2.53,3.63,0.88,11.79
2020-10-16,0.36,4.66,2.52,3.62,1.18,12.34
2020-10-17,0.31,4.3,2.34,3.07,1.3,11.33
2020-10-18,0.31,4.06,2.49,3.27,1.23,11.37
2020-10-19,0.32,4.3,2.81,4.14,1.22,12.79
2020-10-20,0.31,4.27,2.76,4.13,1.09,12.55
2020-10-21,0.32,4.32,2.75,4.06,0.91,12.36
2020-10-22,0.35,4.48,2.66,3.89,0.86,12.25
2020-10-23,0.35,4.78,2.65,3.75,0.91,12.44
2020-10-24,0.31,4.3,2.61,3.69,1.26,12.17
2020-10-25,0.29,3.97,2.52,3.48,1.57,11.83
2020-10-26,0.29,4.04,2.75,4.07,1.64,12.8
2020-10-27,0.31,4.18,2.84,4.2,1.65,13.18
2020-10-28,0.31,4.24,2.72,4.04,1.51,12.82
2020-10-29,0.33,4.35,2.71,3.94,1.43,12.76
2020-10-30,0.34,4.58,2.77,3.9,1.7,13.29
2020-10-31,0.27,4.25,2.55,3.29,1.77,12.12
2020-11-01,0.26,4.2,2.68,3.38,1.72,12.23
2020-11-02,0.3,3.91,2.85,3.85,2.05,12.97
2020-11-03,0.31,3.65,2.72,3.68,1.75,12.11
2020-11-04,0.31,3.66,2.66,3.57,1.39,11.59
2020-11-05,0.36,4.09,2.78,3.72,1.1,12.03
2020-11-06,0.36,4.56,2.74,3.47,1.06,12.19
2020-11-07,0.31,4.48,2.46,2.95,1.08,11.29
2020-11-08,0.3,3.75,2.46,2.88,1.1,10.49
2020-11-09,0.32,4.08,2.66,3.45,1.16,11.67
2020-11-10,0.32,4.16,2.83,3.79,1.19,12.29
2020-11-11,0.32,4.16,2.92,3.95,1.4,12.75
2020-11-12,0.35,4.14,2.85,3.92,1.68,12.95
2020-11-13,0.37,4.28,2.82,3.8,1.95,13.22
2020-11-14,0.32,3.92,2.6,3.23,1.97,12.04
2020-11-15,0.31,4.05,2.58,3.18,1.71,11.83
2020-11-16,0.33,3.95,2.79,3.73,1.83,12.62
2020-11-17,0.32,3.94,2.91,3.89,2.07,13.12
2020-11-18,0.33,4.08,2.77,3.59,2.22,12.99
2020-11-19,0.37,4.18,2.72,3.52,1.92,12.71
2020-11-20,0.4,4.36,2.85,3.58,1.5,12.69
2020-11-21,0.39,4.3,2.86,3.53,1.67,12.75
2020-11-22,0.36,3.68,2.77,3.34,1.93,12.08
2020-11-23,0.35,4.14,2.83,3.54,1.99,12.85
2020-11-24,0.39,4.29,2.84,3.58,2.2,13.3
2020-11-25,0.41,4.29,2.92,3.67,1.98,13.27
2020-11-26,0.28,3.78,2.64,3.11,1.71,11.51
2020-11-27,0.25,4.13,2.65,3.12,1.84,12.0
2020-11-28,0.36,3.95,2.75,3.18,2.03,12.27
2020-11-29,0.4,3.83,2.69,3.13,2.23,12.28
2020-11-30,0.39,4.16,3.1,3.9,2.27,13.82
2020-12-01,0.38,4.13,2.86,4.16,2.61,14.13
2020-12-02,0.36,4.19,2.9,4.32,2.76,14.52
2020-12-03,0.36,4.25,2.86,4.21,2.69,14.38
2020-12-04,0.36,4.33,2.98,4.18,2.4,14.25
2020-12-05,0.31,3.93,2.9,4.03,2.52,13.7
2020-12-06,0.3,3.57,2.88,4.08,2.7,13.54
2020-12-07,0.32,3.95,3.07,4.56,2.77,14.66
2020-12-08,0.32,4.04,2.96,4.55,2.74,14.61
2020-12-09,0.33,4.06,2.88,4.4,2.57,14.25
2020-12-10,0.36,4.06,2.72,4.04,2.34,13.53
2020-12-11,0.37,4.14,2.77,3.9,2.25,13.43
2020-12-12,0.31,3.78,2.75,3.75,2.18,12.77
2020-12-13,0.3,3.46,2.76,3.75,2.3,12.57
2020-12-14,0.32,3.95,2.97,4.38,2.78,14.41
2020-12-15,0.33,4.08,2.99,4.72,3.13,15.25
2020-12-16,0.34,4.03,3.08,4.95,3.18,15.58
2020-12-17,0.36,4.11,3.11,4.85,3.14,15.58
2020-12-18,0.44,4.49,2.88,4.42,3.1,15.32
2020-12-19,0.43,4.1,2.84,4.29,3.01,14.68
2020-12-20,0.4,3.4,2.75,3.91,2.77,13.23
2020-12-21,0.38,4.26,2.79,4.04,2.49,13.97
2020-12-22,0.42,5.01,2.66,3.7,2.43,14.22
2020-12-23,0.43,5.01,2.61,3.6,2.39,14.05
2020-12-24,0.36,4.06,2.72,3.81,2.68,13.63
2020-12-25,0.23,2.8,2.81,4.23,3.05,13.12
2020-12-26,0.32,3.89,2.74,4.22,3.28,14.46
2020-12-27,0.4,3.99,2.67,3.93,2.92,13.9
2020-12-28,0.37,3.95,2.78,4.14,2.65,13.89
2020-12-29,0.4,3.99,2.72,3.93,2.88,13.91
2020-12-30,0.4,4.12,2.69,3.7,2.8,13.71
2020-12-31,0.36,3.77,2.85,3.86,2.71,13.56
2021-01-01,0.24,3.59,2.81,3.82,2.9,13.36
2021-01-02,0.32,4.48,2.78,3.74,2.65,13.98
2021-01-03,0.38,3.99,2.77,3.72,2.76,13.62
2021-01-04,0.36,3.81,2.85,4.05,2.75,13.82
2021-01-05,0.35,3.79,2.79,4.02,2.72,13.67
2021-01-06,0.32,3.97,2.77,4.06,2.73,13.85
2021-01-07,0.33,4.02,2.99,4.58,2.83,14.76
2021-01-08,0.34,4.29,3.11,4.84,3.04,15.61
2021-01-09,0.3,4.24,3.05,4.78,3.18,15.56
2021-01-10,0.29,3.3,3.04,4.68,3.17,14.48
2021-01-11,0.3,3.46,3.12,4.8,3.22,14.89
2021-01-12,0.3,3.56,3.05,4.65,3.06,14.63
2021-01-13,0.3,3.64,2.87,4.32,2.81,13.93
2021-01-14,0.34,3.7,2.73,3.94,2.55,13.26
2021-01-15,0.34,4.3,2.76,3.97,2.55,13.91
2021-01-16,0.3,4.35,2.84,4.08,2.65,14.22
2021-01-17,0.28,4.05,2.78,4.02,2.71,13.83
2021-01-18,0.3,4.61,2.81,4.25,2.69,14.65
2021-01-19,0.3,3.47,2.8,4.2,2.77,13.53
2021-01-20,0.29,3.53,2.82,4.1,2.86,13.6
2021-01-21,0.33,3.92,2.81,4.08,2.72,13.86
2021-01-22,0.34,4.34,2.88,4.19,2.75,14.51
2021-01-23,0.3,4.24,2.8,4.12,3.2,14.66
2021-01-24,0.28,3.87,2.77,4.11,3.15,14.18
2021-01-25,0.29,3.47,2.75,4.16,2.94,13.61
2021-01-26,0.29,3.67,2.88,4.35,2.9,14.1
2021-01-27,0.3,3.65,2.93,4.52,3.04,14.43
2021-01-28,0.33,3.75,2.99,4.61,3.37,15.06
2021-01-29,0.34,4.18,2.89,4.46,3.49,15.37
2021-01-30,0.3,4.15,2.67,3.91,3.2,14.23
2021-01-31,0.28,3.94,2.7,3.85,2.99,13.76
2021-02-01,0.28,3.72,2.72,4.77,3.08,14.58
2021-02-02,0.29,3.54,2.67,4.71,3.05,14.26
2021-02-03,0.31,3.52,2.55,4.5,3.05,13.92
2021-02-04,0.34,3.67,2.48,4.29,2.89,13.67
2021-02-05,0.35,4.14,2.49,4.24,2.95,14.18
2021-02-06,0.31,4.02,2.47,4.27,3.2,14.28
2021-02-07,0.29,3.79,2.56,4.67,3.54,14.84
2021-02-08,0.31,4.35,2.7,5.21,3.69,16.26
2021-02-09,0.32,3.79,2.75,5.23,3.43,15.52
2021-02-10,0.32,3.88,2.79,5.25,3.44,15.69
2021-02-11,0.35,4.02,2.82,5.41,3.54,16.14
2021-02-12,0.38,4.31,2.86,5.66,3.78,17.0
2021-02-13,0.34,3.62,2.78,5.68,3.91,16.33
2021-02-14,0.27,3.77,2.68,5.61,3.99,16.32
2021-02-15,0.27,3.83,2.69,5.72,4.04,16.55
2021-02-16,0.27,3.63,2.5,5.6,3.81,15.8
2021-02-17,0.28,3.64,2.54,5.7,3.98,16.15
2021-02-18,0.3,3.84,2.55,5.62,3.7,16.0
2021-02-19,0.34,4.22,2.57,5.36,3.63,16.12
2021-02-20,0.34,3.92,2.43,4.69,3.53,14.92
2021-02-21,0.33,4.29,2.3,4.22,3.24,14.38
2021-02-22,0.34,4.12,2.31,4.17,2.67,13.61
2021-02-23,0.34,4.26,2.26,3.88,2.31,13.06
2021-02-24,0.34,4.14,2.26,3.58,2.11,12.44
2021-02-25,0.37,4.23,2.4,3.88,2.33,13.22
2021-02-26,0.39,4.62,2.41,3.86,2.6,13.88
2021-02-27,0.34,4.23,2.3,3.4,2.28,12.55
2021-02-28,0.33,4.24,2.24,3.09,2.05,11.95
2021-03-01,0.35,4.26,2.87,3.98,2.35,13.82
2021-03-02,0.35,4.02,2.87,4.01,2.96,14.21
2021-03-03,0.35,4.03,2.85,3.94,2.52,13.7
2021-03-04,0.39,4.18,2.69,3.6,2.37,13.23
2021-03-05,0.42,4.54,2.75,3.79,2.65,14.15
2021-03-06,0.38,4.06,2.75,3.56,2.64,13.39
2021-03-07,0.37,4.33,2.58,3.25,2.68,13.22
2021-03-08,0.39,4.03,2.62,3.47,2.37,12.88
2021-03-09,0.38,4.18,2.53,3.23,1.81,12.13
2021-03-10,0.38,3.96,2.51,3.11,1.65,11.61
2021-03-11,0.42,4.2,2.69,3.38,1.53,12.22
2021-03-12,0.45,4.59,2.69,3.45,1.65,12.83
2021-03-13,0.41,4.18,2.48,3.08,2.02,12.17
2021-03-14,0.39,4.51,2.36,2.67,2.01,11.95
2021-03-15,0.37,4.19,2.78,3.68,2.5,13.53
2021-03-16,0.4,4.31,2.93,4.02,2.47,14.13
2021-03-17,0.39,4.14,2.73,3.63,2.21,13.1
2021-03-18,0.43,4.31,2.7,3.52,2.09,13.05
2021-03-19,0.46,4.7,2.9,3.69,2.37,14.11
2021-03-20,0.43,4.21,2.62,3.08,2.32,12.66
2021-03-21,0.41,4.41,2.4,2.69,1.96,11.87
2021-03-22,0.4,4.41,2.57,3.14,1.72,12.24
2021-03-23,0.4,4.43,2.68,3.16,1.6,12.27
2021-03-24,0.41,4.37,2.67,3.17,1.48,12.11
2021-03-25,0.44,4.4,2.85,3.63,1.53,12.85
2021-03-26,0.46,4.78,2.71,3.4,1.49,12.83
2021-03-27,0.43,4.36,2.62,3.07,1.47,11.95
2021-03-28,0.4,4.68,2.56,2.92,1.52,12.08
2021-03-29,0.4,4.35,2.51,2.86,1.83,11.95
2021-03-30,0.41,4.21,2.56,3.0,1.58,11.76
2021-03-31,0.41,4.45,2.74,3.36,1.6,12.56
2021-04-01,0.46,4.52,2.84,3.5,2.01,13.32
2021-04-02,0.47,4.89,2.61,3.08,2.26,13.3
2021-04-03,0.43,4.34,2.57,2.89,1.88,12.11
2021-04-04,0.39,4.41,2.53,2.74,1.32,11.39
2021-04-05,0.44,4.57,2.55,2.84,1.06,11.46
2021-04-06,0.43,4.01,2.57,2.91,0.97,10.89
2021-04-07,0.42,4.52,2.66,3.07,0.94,11.61
2021-04-08,0.45,4.56,2.78,3.21,0.99,11.99
2021-04-09,0.46,4.97,2.67,3.07,1.11,12.28
2021-04-10,0.42,4.74,2.61,2.97,1.1,11.83
2021-04-11,0.38,4.44,2.57,2.84,1.16,11.39
2021-04-12,0.43,4.34,2.69,3.15,1.33,11.93
2021-04-13,0.42,4.25,2.74,3.26,1.37,12.05
2021-04-14,0.41,4.33,2.84,3.46,1.43,12.46
2021-04-15,0.44,4.47,2.9,3.63,1.54,12.98
2021-04-16,0.45,5.02,2.85,3.53,1.7,13.55
2021-04-17,0.4,4.65,2.62,3.2,1.63,12.49
2021-04-18,0.4,4.54,2.67,3.2,1.45,12.25
2021-04-19,0.4,4.42,2.68,3.25,1.37,12.12
2021-04-20,0.4,4.26,2.78,3.41,1.53,12.37
2021-04-21,0.4,4.2,2.87,3.55,1.8,12.81
2021-04-22,0.44,4.32,2.73,3.32,2.02,12.82
2021-04-23,0.45,4.67,2.72,3.29,1.61,12.73
2021-04-24,0.39,4.37,2.72,3.23,1.33,12.04
2021-04-25,0.4,4.27,2.48,2.71,1.35,11.21
2021-04-26,0.41,4.14,2.61,3.01,1.34,11.51
2021-04-27,0.41,4.14,2.64,3.22,1.02,11.43
2021-04-28,0.4,4.19,2.87,3.6,0.84,11.9
2021-04-29,0.45,4.3,2.82,3.65,0.86,12.08
2021-04-30,0.46,4.69,2.78,3.52,0.93,12.39
2021-05-01,0.4,4.53,2.51,2.97,1.11,11.52
2021-05-02,0.39,4.37,2.47,2.96,0.72,10.91
2021-05-03,0.4,4.08,2.72,3.58,0.79,11.57
2021-05-04,0.39,4.21,2.74,3.69,0.93,11.97
2021-05-05,0.4,4.39,2.77,3.78,1.13,12.48
2021-05-06,0.44,4.43,2.7,3.47,1.21,12.26
2021-05-07,0.47,4.85,2.54,3.15,1.28,12.29
2021-05-08,0.41,4.56,2.37,2.76,1.39,11.49
2021-05-09,0.39,4.4,2.48,2.98,1.36,11.62
2021-05-10,0.42,4.24,2.76,3.72,1.37,12.51
2021-05-11,0.42,4.29,2.73,3.72,1.34,12.5
2021-05-12,0.43,4.33,2.71,3.69,1.29,12.45
2021-05-13,0.47,4.41,2.74,3.54,1.14,12.29
2021-05-14,0.48,4.88,2.56,3.24,0.96,12.11
2021-05-15,0.42,4.6,2.53,3.13,0.87,11.55
2021-05-16,0.41,4.4,2.56,3.19,0.81,11.37
2021-05-17,0.43,4.25,2.68,3.55,0.77,11.68
2021-05-18,0.43,4.01,2.7,3.69,0.67,11.5
2021-05-19,0.44,4.38,2.73,3.89,0.64,12.08
2021-05-20,0.46,4.52,2.71,3.83,0.67,12.19
2021-05-21,0.47,4.88,2.63,3.65,0.69,12.32
2021-05-22,0.41,4.6,2.64,3.66,0.69,12.01
2021-05-23,0.41,3.95,2.6,3.72,0.67,11.36
2021-05-24,0.43,4.36,2.69,4.0,0.68,12.15
2021-05-25,0.44,4.43,2.83,4.26,0.65,12.6
2021-05-26,0.45,4.28,2.9,4.42,0.62,12.66
2021-05-27,0.48,4.73,2.81,4.15,0.74,12.91
2021-05-28,0.48,4.95,2.67,3.78,0.97,12.85
2021-05-29,0.42,4.47,2.5,3.28,1.27,11.95
2021-05-30,0.37,4.27,2.45,3.18,1.2,11.47
2021-05-31,0.41,4.47,2.56,3.47,0.9,11.82
2021-06-01,0.42,4.5,2.54,4.12,0.81,12.4
2021-06-02,0.44,4.24,2.59,4.32,0.73,12.33
2021-06-03,0.46,4.54,2.6,4.34,0.7,12.65
2021-06-04,0.49,5.0,2.55,4.32,0.68,13.06
2021-06-05,0.45,4.71,2.46,4.19,0.68,12.5
2021-06-06,0.44,4.44,2.43,4.23,0.71,12.24
2021-06-07,0.45,4.39,2.68,5.06,0.72,13.31
2021-06-08,0.47,4.53,2.71,5.08,0.72,13.51
2021-06-09,0.47,4.49,2.76,5.24,0.71,13.67
2021-06-10,0.5,4.43,2.72,5.08,0.71,13.45
2021-06-11,0.51,5.05,2.67,4.82,0.74,13.78
2021-06-12,0.46,4.71,2.68,4.87,0.69,13.42
2021-06-13,0.45,4.56,2.72,4.89,0.66,13.28
2021-06-14,0.46,4.33,2.85,5.29,0.67,13.6
2021-06-15,0.47,4.53,2.84,5.32,0.68,13.84
2021-06-16,0.48,4.49,2.74,4.96,0.7,13.38
2021-06-17,0.51,4.5,2.77,5.04,0.68,13.5
2021-06-18,0.51,5.07,2.81,5.17,0.66,14.21
2021-06-19,0.46,4.77,2.67,4.86,0.66,13.41
2021-06-20,0.44,4.53,2.57,4.63,0.66,12.84
2021-06-21,0.46,4.46,2.65,4.94,0.7,13.21
2021-06-22,0.48,4.32,2.63,4.65,0.76,12.84
2021-06-23,0.49,4.39,2.52,4.29,0.74,12.44
2021-06-24,0.5,4.62,2.63,4.56,0.67,12.99
2021-06-25,0.51,5.05,2.69,4.8,0.68,13.73
2021-06-26,0.45,4.74,2.67,4.83,0.68,13.38
2021-06-27,0.46,4.35,2.79,5.24,0.68,13.51
2021-06-28,0.46,4.3,2.95,5.86,0.67,14.25
2021-06-29,0.48,4.55,3.04,6.01,0.67,14.75
2021-06-30,0.48,4.81,3.0,5.94,0.66,14.89
2021-07-01,0.52,4.55,2.55,5.58,0.63,13.83
2021-07-02,0.51,4.89,2.48,5.09,0.64,13.61
2021-07-03,0.46,5.19,2.36,4.55,0.66,13.23
2021-07-04,0.39,4.6,2.35,4.5,0.64,12.48
2021-07-05,0.42,4.74,2.51,5.12,0.63,13.42
2021-07-06,0.45,4.12,2.66,5.75,0.63,13.6
2021-07-07,0.46,4.5,2.65,5.82,0.63,14.07
2021-07-08,0.5,4.56,2.63,5.61,0.64,13.94
2021-07-09,0.51,5.17,2.52,5.29,0.62,14.1
2021-07-10,0.47,4.84,2.47,4.94,0.62,13.35
2021-07-11,0.46,4.38,2.46,4.87,0.62,12.8
2021-07-12,0.47,4.24,2.59,5.49,0.62,13.42
2021-07-13,0.49,4.42,2.54,5.38,0.62,13.46
2021-07-14,0.5,4.25,2.53,5.33,0.63,13.24
2021-07-15,0.52,4.27,2.56,5.59,0.63,13.58
2021-07-16,0.51,4.89,2.58,5.66,0.63,14.27
2021-07-17,0.47,4.59,2.55,5.34,0.62,13.56
2021-07-18,0.47,4.35,2.56,5.29,0.62,13.28
2021-07-19,0.47,4.19,2.66,5.64,0.61,13.57
2021-07-20,0.5,4.54,2.63,5.69,0.62,13.97
2021-07-21,0.49,4.39,2.61,5.61,0.62,13.71
2021-07-22,0.53,3.86,2.56,5.46,0.62,13.03
2021-07-23,0.52,4.84,2.57,5.46,0.62,14.02
2021-07-24,0.48,4.54,2.6,5.44,0.62,13.67
2021-07-25,0.47,4.34,2.66,5.61,0.62,13.69
2021-07-26,0.47,4.19,2.74,6.14,0.62,14.16
2021-07-27,0.49,4.26,2.79,6.18,0.61,14.33
2021-07-28,0.5,4.11,2.75,6.22,0.61,14.2
2021-07-29,0.52,4.31,2.75,6.18,0.62,14.37
2021-07-30,0.52,4.81,2.64,5.98,0.62,14.56
2021-07-31,0.47,4.51,2.47,5.35,0.63,13.43
2021-08-01,0.45,4.51,2.57,5.1,0.61,13.24
2021-08-02,0.46,4.38,2.65,5.41,0.6,13.48
2021-08-03,0.47,4.4,2.65,5.36,0.6,13.48
2021-08-04,0.48,4.63,2.64,5.3,0.6,13.66
2021-08-05,0.5,4.22,2.68,5.38,0.6,13.37
2021-08-06,0.51,5.04,2.69,5.28,0.59,14.11
2021-08-07,0.46,4.7,2.54,4.98,0.59,13.27
2021-08-08,0.46,4.44,2.59,5.1,0.6,13.2
2021-08-09,0.47,4.32,2.74,5.72,0.6,13.85
2021-08-10,0.48,4.53,2.73,5.93,0.59,14.27
2021-08-11,0.48,4.41,2.73,5.95,0.59,14.16
2021-08-12,0.51,4.31,2.76,6.06,0.59,14.22
2021-08-13,0.51,4.99,2.79,6.13,0.59,15.01
2021-08-14,0.45,4.68,2.69,5.57,0.59,13.99
2021-08-15,0.46,4.52,2.58,5.04,0.59,13.2
2021-08-16,0.47,4.33,2.68,5.42,0.59,13.5
2021-08-17,0.47,4.29,2.72,5.5,0.6,13.58
2021-08-18,0.47,4.35,2.73,5.6,0.61,13.75
2021-08-19,0.5,4.46,2.79,5.69,0.62,14.06
2021-08-20,0.51,4.97,2.71,5.42,0.62,14.23
2021-08-21,0.45,4.65,2.63,5.17,0.62,13.53
2021-08-22,0.43,4.41,2.55,4.93,0.62,12.93
2021-08-23,0.46,4.27,2.73,5.67,0.62,13.74
2021-08-24,0.48,4.68,2.75,5.69,0.61,14.2
2021-08-25,0.47,4.51,2.84,6.08,0.61,14.5
2021-08-26,0.5,4.15,2.83,6.01,0.6,14.09
2021-08-27,0.5,5.05,2.74,5.89,0.6,14.78
2021-08-28,0.45,4.73,2.65,5.45,0.6,13.89
2021-08-29,0.43,4.57,2.62,5.45,0.6,13.67
2021-08-30,0.45,4.42,2.68,5.89,0.6,14.03
2021-08-31,0.46,4.58,2.61,5.51,0.61,13.77
2021-09-01,0.47,4.53,2.8,5.13,0.56,13.5
2021-09-02,0.51,4.36,2.71,4.72,0.58,12.88
2021-09-03,0.53,4.56,2.76,4.72,0.6,13.16
2021-09-04,0.46,4.98,2.72,4.52,0.56,13.25
2021-09-05,0.4,4.73,2.75,4.59,0.55,13.03
2021-09-06,0.45,4.23,2.8,4.62,0.55,12.65
2021-09-07,0.45,4.41,2.81,4.76,0.55,12.99
2021-09-08,0.47,4.46,2.85,5.03,0.55,13.34
2021-09-09,0.51,4.42,2.91,4.91,0.56,13.31
2021-09-10,0.52,5.17,2.78,4.46,0.58,13.51
2021-09-11,0.46,4.74,2.72,4.11,0.57,12.6
2021-09-12,0.45,4.48,2.79,4.41,0.55,12.68
2021-09-13,0.47,4.37,2.93,4.93,0.57,13.27
2021-09-14,0.46,4.27,2.96,5.1,0.56,13.36
2021-09-15,0.48,4.56,2.95,5.06,0.57,13.61
2021-09-16,0.51,4.4,2.87,4.71,0.58,13.07
2021-09-17,0.52,5.13,3.0,4.91,0.58,14.14
2021-09-18,0.45,4.69,2.94,4.72,0.58,13.39
2021-09-19,0.45,4.37,2.85,4.35,0.58,12.6
2021-09-20,0.48,4.3,2.86,4.55,0.61,12.8
2021-09-21,0.48,4.38,2.83,4.5,0.63,12.81
2021-09-22,0.47,4.39,2.8,4.4,0.71,12.77
2021-09-23,0.51,4.4,2.67,3.97,0.81,12.36
2021-09-24,0.53,5.03,2.63,3.72,0.76,12.68
2021-09-25,0.46,4.69,2.63,3.62,0.74,12.15
2021-09-26,0.46,4.33,2.55,3.41,0.68,11.43
2021-09-27,0.49,4.26,2.74,4.03,0.6,12.11
2021-09-28,0.47,4.3,2.77,4.18,0.61,12.34
2021-09-29,0.48,4.3,2.73,4.17,0.74,12.42
2021-09-30,0.51,4.36,2.8,4.34,0.78,12.79
2021-10-01,0.51,4.97,3.04,4.44,0.68,13.63
2021-10-02,0.44,4.59,2.99,4.17,0.6,12.8
2021-10-03,0.44,4.41,2.97,4.14,0.53,12.49
2021-10-04,0.46,4.33,3.1,4.59,0.54,13.02
2021-10-05,0.46,4.43,2.93,4.38,0.56,12.77
2021-10-06,0.47,4.43,2.86,4.27,0.55,12.58
2021-10-07,0.5,4.67,2.91,4.33,0.56,12.97
2021-10-08,0.51,4.74,2.85,4.24,0.57,12.91
2021-10-09,0.45,4.67,2.64,3.62,0.59,11.97
2021-10-10,0.42,4.34,2.61,3.52,0.59,11.49
2021-10-11,0.46,4.6,2.78,3.98,0.62,12.44
2021-10-12,0.48,4.47,2.71,3.85,0.68,12.18
2021-10-13,0.48,4.68,2.81,3.93,0.71,12.6
2021-10-14,0.51,4.57,2.9,4.16,0.67,12.81
2021-10-15,0.52,4.67,2.78,3.92,0.71,12.6
2021-10-16,0.45,4.75,2.6,3.35,0.8,11.96
2021-10-17,0.46,4.43,2.52,3.11,0.99,11.51
2021-10-18,0.48,4.51,2.48,3.23,1.06,11.76
2021-10-19,0.48,4.47,2.51,3.22,1.01,11.7
2021-10-20,0.49,4.67,2.63,3.54,0.79,12.12
2021-10-21,0.51,4.54,2.77,3.74,0.78,12.34
2021-10-22,0.51,4.9,2.75,3.79,0.94,12.9
2021-10-23,0.45,4.75,2.58,3.4,1.1,12.29
2021-10-24,0.45,4.51,2.65,3.34,1.11,12.04
2021-10-25,0.47,4.66,2.8,3.7,0.92,12.55
2021-10-26,0.48,4.58,2.58,3.38,1.09,12.11
2021-10-27,0.47,4.34,2.54,3.39,1.14,11.88
2021-10-28,0.49,4.42,2.55,3.31,1.08,11.85
2021-10-29,0.5,4.99,2.61,3.36,1.05,12.51
2021-10-30,0.43,4.77,2.66,3.22,1.09,12.16
2021-10-31,0.43,4.51,2.55,3.01,1.11,11.61
