date,Domestic Aviation,Ground Transport,Industry,International Aviation,Power,Residential,全球
2019-01-01,0.84,14.16,22.78,1.48,36.38,17.8,95.0
2019-01-02,0.97,15.69,24.67,1.62,39.65,18.52,102.98
2019-01-03,1.01,17.35,25.22,1.67,40.63,18.38,106.13
2019-01-04,1.0,17.39,25.45,1.69,41.07,18.08,106.61
2019-01-05,0.92,16.18,25.03,1.74,40.14,17.16,102.98
2019-01-06,0.92,13.99,24.29,1.77,38.86,17.06,98.82
2019-01-07,0.96,17.08,25.97,1.65,41.87,17.22,106.71
2019-01-08,0.97,17.79,25.85,1.56,41.59,16.99,106.63
2019-01-09,0.95,17.93,26.64,1.56,43.26,18.17,110.41
2019-01-10,1.04,18.22,27.49,1.69,45.04,18.89,114.49
2019-01-11,0.82,17.88,27.28,1.52,44.83,18.35,112.59
2019-01-12,0.87,16.58,25.81,1.67,42.08,17.55,106.39
2019-01-13,0.84,14.83,24.38,1.68,39.79,16.94,100.42
2019-01-14,0.94,18.0,25.61,1.59,42.11,17.68,107.84
2019-01-15,0.95,18.41,26.48,1.51,43.72,18.87,111.82
2019-01-16,0.83,18.62,26.61,1.32,43.92,18.31,111.52
2019-01-17,0.98,18.59,26.53,1.56,43.72,17.67,110.94
2019-01-18,1.01,18.38,26.42,1.63,43.29,17.39,110.1
2019-01-19,0.87,17.14,25.07,1.66,40.98,17.27,104.86
2019-01-20,0.81,15.44,24.48,1.65,40.3,17.95,102.53
2019-01-21,0.92,17.98,25.83,1.6,43.09,19.15,110.45
2019-01-22,0.97,18.63,25.93,1.52,43.27,18.68,110.87
2019-01-23,0.95,18.8,25.94,1.54,42.81,17.79,109.87
2019-01-24,0.99,19.01,25.84,1.57,42.55,17.45,109.29
2019-01-25,1.01,18.52,25.82,1.64,42.77,18.74,110.39
2019-01-26,0.89,17.21,24.46,1.65,40.33,18.79,105.28
2019-01-27,0.87,15.77,22.75,1.71,37.38,18.01,98.37
2019-01-28,0.82,18.33,24.48,1.43,40.47,18.21,105.63
2019-01-29,0.95,18.64,24.78,1.51,41.25,18.83,108.1
2019-01-30,0.95,18.59,25.07,1.52,42.0,19.51,109.69
2019-01-31,0.98,18.73,25.2,1.58,42.17,19.8,110.57
2019-02-01,1.02,18.38,25.3,1.65,39.55,18.55,106.41
2019-02-02,0.91,17.07,23.31,1.67,35.77,16.86,97.45
2019-02-03,0.87,15.63,22.01,1.66,33.56,16.15,91.72
2019-02-04,0.92,18.44,23.01,1.59,35.31,15.89,97.03
2019-02-05,0.97,18.54,23.8,1.5,36.68,15.67,98.97
2019-02-06,0.97,18.77,24.26,1.51,37.43,15.39,100.24
2019-02-07,1.0,19.01,23.61,1.54,36.33,16.36,99.8
2019-02-08,1.02,18.55,24.4,1.61,37.56,17.84,102.98
2019-02-09,0.9,17.21,24.29,1.64,37.32,18.93,102.08
2019-02-10,0.88,15.85,23.51,1.65,36.16,18.43,98.33
2019-02-11,0.97,18.7,25.15,1.57,38.72,17.28,104.29
2019-02-12,0.95,18.82,26.04,1.49,39.81,16.54,105.49
2019-02-13,0.98,18.89,26.1,1.49,39.75,16.28,105.26
2019-02-14,1.02,19.24,26.46,1.58,40.13,15.8,106.25
2019-02-15,1.05,18.88,26.71,1.65,40.41,15.47,106.11
2019-02-16,0.93,17.28,24.9,1.69,37.8,16.08,100.58
2019-02-17,0.87,15.59,24.26,1.69,36.8,16.25,97.36
2019-02-18,0.97,18.01,26.63,1.61,40.67,15.98,105.79
2019-02-19,1.0,18.46,27.52,1.54,42.16,16.15,108.73
2019-02-20,0.97,18.83,26.57,1.53,40.61,15.48,105.85
2019-02-21,1.02,18.96,26.65,1.59,40.55,14.74,105.5
2019-02-22,1.03,18.54,26.64,1.66,40.58,14.83,105.09
2019-02-23,0.92,17.07,24.4,1.69,36.93,15.45,98.32
2019-02-24,0.9,15.39,23.73,1.72,35.81,14.89,94.34
2019-02-25,0.97,18.4,25.76,1.62,39.12,14.75,102.59
2019-02-26,1.0,18.65,26.25,1.55,39.98,14.78,104.16
2019-02-27,1.01,18.68,26.42,1.55,40.24,15.02,104.85
2019-02-28,1.04,18.5,26.27,1.6,39.99,15.02,104.46
2019-03-01,1.0,18.19,29.94,1.64,39.78,14.13,106.61
2019-03-02,0.9,16.88,28.14,1.68,37.34,13.99,100.82
2019-03-03,0.87,15.18,27.37,1.69,36.33,13.51,96.85
2019-03-04,0.93,17.96,28.97,1.59,39.1,13.99,104.47
2019-03-05,0.96,18.09,28.92,1.54,39.1,14.36,104.95
2019-03-06,0.98,18.3,28.9,1.55,39.11,14.09,104.91
2019-03-07,1.0,18.5,28.58,1.58,38.57,13.94,104.17
2019-03-08,1.01,18.44,28.34,1.65,37.92,13.38,102.67
2019-03-09,0.9,17.06,26.58,1.68,35.01,12.43,95.54
2019-03-10,0.93,15.48,25.64,1.71,33.64,11.91,91.14
2019-03-11,0.98,18.33,27.1,1.62,36.12,12.27,98.38
2019-03-12,0.98,18.59,26.88,1.55,35.74,12.53,98.18
2019-03-13,0.98,18.55,27.13,1.55,35.87,12.31,98.27
2019-03-14,0.99,18.81,27.51,1.59,36.23,11.66,98.76
2019-03-15,1.02,18.77,27.27,1.66,35.94,11.13,97.72
2019-03-16,0.92,17.24,26.16,1.7,34.48,11.41,93.73
2019-03-17,0.91,15.88,25.45,1.69,33.61,11.64,91.08
2019-03-18,0.97,18.72,27.45,1.61,36.51,11.66,98.89
2019-03-19,0.98,18.87,27.76,1.54,36.94,11.19,99.19
2019-03-20,0.99,18.59,27.32,1.56,36.28,10.95,97.69
2019-03-21,1.01,18.26,26.8,1.61,35.5,11.28,96.35
2019-03-22,1.01,18.88,27.09,1.66,35.66,11.58,97.71
2019-03-23,0.91,17.41,26.28,1.69,34.46,11.99,94.54
2019-03-24,0.91,15.92,25.24,1.7,33.11,11.25,89.97
2019-03-25,0.96,19.14,27.12,1.66,35.8,10.8,97.43
2019-03-26,0.88,19.29,27.12,1.49,35.83,11.08,97.71
2019-03-27,1.0,19.13,26.89,1.57,35.47,10.68,96.7
2019-03-28,1.02,19.29,27.35,1.63,35.93,10.61,97.89
2019-03-29,1.02,18.96,27.11,1.67,35.7,10.08,96.52
2019-03-30,0.91,17.68,25.72,1.69,33.68,10.08,91.67
2019-03-31,0.92,16.27,24.68,1.73,32.4,11.02,89.1
2019-04-01,0.99,18.81,29.61,1.68,35.88,11.41,100.46
2019-04-02,1.01,19.01,30.49,1.64,36.95,10.97,102.12
2019-04-03,1.02,18.88,30.51,1.66,36.86,10.47,101.44
2019-04-04,1.03,19.1,29.6,1.69,35.9,9.98,99.24
2019-04-05,1.03,18.79,27.93,1.72,34.16,9.55,95.15
2019-04-06,0.9,17.46,26.64,1.73,32.1,8.94,89.7
2019-04-07,0.91,15.85,26.33,1.76,31.38,8.33,86.4
2019-04-08,0.99,18.75,28.93,1.67,35.04,8.45,95.78
2019-04-09,1.01,19.09,29.52,1.65,35.54,9.33,98.0
2019-04-10,1.06,18.9,30.71,1.92,36.86,10.31,101.78
2019-04-11,0.67,19.0,30.19,1.21,36.25,10.46,99.81
2019-04-12,1.04,18.19,29.88,1.74,36.15,10.05,99.09
2019-04-13,0.92,17.48,27.81,1.8,33.47,9.81,93.25
2019-04-14,0.89,15.68,26.68,1.78,32.17,9.92,89.05
2019-04-15,0.99,18.08,27.76,1.7,33.53,9.23,93.19
2019-04-16,1.02,18.73,27.76,1.66,33.47,8.52,93.24
2019-04-17,1.03,18.37,27.27,1.68,32.84,7.87,91.09
2019-04-18,1.03,18.88,27.25,1.73,32.7,7.48,91.05
2019-04-19,0.98,17.81,27.13,1.73,32.47,7.55,89.67
2019-04-20,0.89,16.86,25.84,1.77,30.6,7.57,85.43
2019-04-21,0.88,15.22,24.89,1.79,29.4,7.28,81.25
2019-04-22,1.0,17.48,26.24,1.71,31.41,6.69,86.4
2019-04-23,1.02,18.77,27.59,1.68,33.13,6.53,90.72
2019-04-24,1.01,18.74,28.29,1.67,34.1,6.81,92.58
2019-04-25,1.03,18.92,27.99,1.72,33.7,7.15,92.44
2019-04-26,1.02,18.69,27.73,1.74,33.34,7.82,92.41
2019-04-27,0.91,17.37,26.05,1.8,31.07,8.67,87.87
2019-04-28,0.92,15.88,25.68,1.82,30.5,8.96,85.77
2019-04-29,0.99,18.32,27.07,1.71,32.61,8.68,91.43
2019-04-30,1.0,19.06,26.93,1.68,32.64,8.01,91.3
2019-05-01,1.02,18.61,25.0,1.68,29.34,7.47,85.15
2019-05-02,1.01,19.45,25.14,1.7,29.42,7.26,85.99
2019-05-03,1.03,19.31,26.01,1.75,30.22,7.5,87.96
2019-05-04,0.92,18.09,25.57,1.78,29.59,7.8,85.72
2019-05-05,0.92,16.23,24.94,1.79,28.71,8.05,82.68
2019-05-06,0.99,17.66,27.37,1.71,31.72,7.93,89.3
2019-05-07,1.0,18.61,28.57,1.66,33.03,7.78,92.75
2019-05-08,1.0,18.6,28.19,1.66,32.62,7.25,91.28
2019-05-09,1.03,18.83,28.98,1.66,33.46,6.92,92.92
2019-05-10,1.03,18.57,28.73,1.74,33.36,6.81,92.34
2019-05-11,0.9,17.19,27.03,1.77,31.16,6.84,86.78
2019-05-12,0.88,15.55,25.56,1.77,29.49,7.45,82.75
2019-05-13,0.98,17.95,28.32,1.68,32.85,7.44,91.31
2019-05-14,1.02,18.67,29.33,1.65,33.95,7.33,93.92
2019-05-15,1.02,18.82,29.37,1.66,33.97,6.93,93.83
2019-05-16,1.05,18.87,29.29,1.7,33.84,6.51,93.22
2019-05-17,1.06,18.79,29.27,1.74,33.79,6.34,92.98
2019-05-18,0.91,17.33,27.94,1.79,32.13,6.11,88.29
2019-05-19,0.93,15.58,26.65,1.79,30.81,6.1,83.81
2019-05-20,1.01,17.85,28.68,1.71,33.61,6.29,91.23
2019-05-21,1.03,18.61,28.74,1.65,33.58,6.35,91.99
2019-05-22,1.05,18.67,28.72,1.68,33.62,6.03,91.9
2019-05-23,1.05,18.8,29.42,1.74,34.38,5.7,93.14
2019-05-24,1.07,18.9,28.97,1.79,33.94,5.6,92.32
2019-05-25,0.93,17.45,27.82,1.81,32.31,5.58,87.95
2019-05-26,0.86,15.94,26.98,1.81,31.39,5.47,84.46
2019-05-27,0.95,17.56,28.76,1.72,33.68,5.62,90.41
2019-05-28,1.0,18.81,29.86,1.7,35.28,5.98,94.68
2019-05-29,1.02,18.9,29.42,1.7,34.86,6.02,94.12
2019-05-30,1.05,18.57,28.84,1.76,34.17,5.44,91.83
2019-05-31,1.07,18.75,29.41,1.81,34.76,5.03,92.98
2019-06-01,0.94,17.16,25.81,1.86,32.24,5.03,85.07
2019-06-02,0.93,15.37,25.01,1.88,31.26,5.02,81.44
2019-06-03,1.02,17.52,27.84,1.79,34.54,5.24,90.12
2019-06-04,1.04,17.67,28.86,1.76,35.81,5.25,92.43
2019-06-05,1.03,18.01,29.38,1.77,36.74,5.13,94.14
2019-06-06,1.06,18.29,28.82,1.81,36.19,5.32,93.56
2019-06-07,1.06,17.87,27.65,1.86,34.86,5.27,90.7
2019-06-08,0.95,17.28,25.78,1.9,31.95,5.32,85.18
2019-06-09,0.95,15.39,26.49,1.89,32.33,5.24,84.33
2019-06-10,1.01,17.42,29.08,1.82,35.8,5.22,92.5
2019-06-11,1.06,17.67,29.14,1.79,36.01,5.32,93.11
2019-06-12,1.07,18.09,28.96,1.8,35.49,5.37,92.86
2019-06-13,1.08,18.2,28.25,1.84,34.68,5.47,91.48
2019-06-14,1.09,17.84,28.45,1.88,34.87,5.22,91.47
2019-06-15,0.97,17.27,27.25,1.91,33.32,5.16,87.87
2019-06-16,0.96,15.34,25.77,1.92,31.67,5.17,82.83
2019-06-17,1.04,17.38,28.27,1.84,35.21,4.98,90.83
2019-06-18,1.06,17.61,29.57,1.83,36.83,4.89,93.89
2019-06-19,1.07,18.02,30.21,1.82,37.67,4.84,95.72
2019-06-20,1.08,18.1,29.9,1.87,37.3,4.98,95.35
2019-06-21,1.09,17.68,30.26,1.9,37.43,5.05,95.49
2019-06-22,0.97,17.2,28.32,1.93,34.85,4.92,90.21
2019-06-23,0.97,15.44,26.41,1.93,32.64,4.82,84.35
2019-06-24,1.04,17.47,28.76,1.85,35.99,4.78,92.0
2019-06-25,1.06,17.73,29.11,1.83,36.65,4.77,93.15
2019-06-26,1.06,18.14,29.83,1.84,37.6,4.85,95.34
2019-06-27,1.08,18.28,30.51,1.89,38.5,4.92,97.29
2019-06-28,1.08,17.8,30.64,1.92,38.67,4.87,97.11
2019-06-29,0.97,17.31,28.99,1.95,36.46,4.8,92.6
2019-06-30,0.96,15.5,27.38,1.95,34.4,4.77,87.01
2019-07-01,1.0,17.42,26.54,1.87,37.92,4.65,91.46
2019-07-02,1.01,17.69,27.03,1.86,38.66,4.74,93.03
2019-07-03,1.04,18.1,27.54,1.87,39.2,4.87,94.69
2019-07-04,0.97,17.8,26.85,1.9,37.98,4.81,92.31
2019-07-05,0.94,17.78,26.41,1.92,37.6,4.71,91.34
2019-07-06,0.94,17.29,24.59,1.95,34.99,4.76,86.52
2019-07-07,0.99,15.51,23.63,1.96,33.46,4.94,82.44
2019-07-08,1.05,17.47,26.24,1.91,37.25,5.08,91.17
2019-07-09,1.07,17.68,26.45,1.89,37.69,5.02,92.03
2019-07-10,1.07,18.09,26.46,1.9,37.95,4.86,92.41
2019-07-11,1.07,18.24,26.96,1.92,38.62,4.79,93.61
2019-07-12,1.08,17.79,26.96,1.92,38.42,4.75,92.98
2019-07-13,0.99,17.28,25.46,1.97,36.23,4.8,88.7
2019-07-14,0.99,15.48,24.54,1.97,34.92,4.89,84.79
2019-07-15,1.04,17.43,26.6,1.89,37.97,4.9,91.96
2019-07-16,1.08,17.66,27.54,1.89,39.44,4.79,94.49
2019-07-17,1.08,18.11,28.17,1.88,40.29,4.66,96.21
2019-07-18,1.09,18.17,29.05,1.91,41.36,4.59,98.19
2019-07-19,1.1,17.82,29.2,1.94,41.68,4.61,98.33
2019-07-20,1.0,17.33,27.39,1.97,38.98,4.54,93.13
2019-07-21,0.99,15.5,26.42,1.97,37.62,4.54,88.99
2019-07-22,1.04,17.46,28.9,1.9,41.0,4.51,96.93
2019-07-23,1.07,17.68,29.4,1.87,41.34,4.5,97.94
2019-07-24,1.09,18.12,30.05,1.89,41.99,4.51,99.76
2019-07-25,1.1,18.16,29.96,1.92,41.72,4.49,99.4
2019-07-26,1.09,17.82,29.84,1.94,41.55,4.49,98.82
2019-07-27,1.0,17.33,27.95,1.98,38.82,4.55,93.66
2019-07-28,0.99,15.54,27.01,1.99,37.52,4.6,89.67
2019-07-29,1.03,17.49,29.85,1.91,42.0,4.64,99.14
2019-07-30,1.06,17.68,30.42,1.88,42.83,4.68,100.51
2019-07-31,1.07,18.15,30.43,1.89,42.67,4.71,100.92
2019-08-01,1.08,18.38,29.37,1.93,42.62,4.7,100.14
2019-08-02,1.07,17.91,28.61,1.95,41.63,4.7,97.91
2019-08-03,0.99,17.45,26.98,1.99,39.15,4.7,93.26
2019-08-04,0.99,15.57,25.99,1.98,37.71,4.7,88.85
2019-08-05,1.02,17.52,28.43,1.87,41.56,4.7,97.18
2019-08-06,1.05,17.78,29.47,1.85,43.0,4.69,99.82
2019-08-07,1.05,18.21,29.01,1.87,42.41,4.65,99.22
2019-08-08,1.08,18.08,28.83,1.89,42.14,4.61,98.68
2019-08-09,1.06,17.87,28.47,1.9,41.57,4.6,97.43
2019-08-10,0.95,17.37,25.8,1.93,37.5,4.64,89.99
2019-08-11,0.96,15.56,24.25,1.95,35.37,4.73,84.64
2019-08-12,1.04,17.5,26.35,1.86,38.72,4.9,92.28
2019-08-13,1.05,17.74,27.42,1.83,40.29,4.99,95.35
2019-08-14,1.06,18.17,27.62,1.86,40.36,4.91,96.04
2019-08-15,1.06,18.23,26.21,1.88,38.25,4.74,92.34
2019-08-16,1.08,17.88,26.41,1.93,38.48,4.72,92.61
2019-08-17,0.97,17.39,25.66,1.96,37.18,4.67,89.9
2019-08-18,0.97,15.56,25.36,1.98,36.86,4.69,87.4
2019-08-19,1.02,17.51,28.14,1.9,41.34,4.73,96.79
2019-08-20,1.04,17.73,28.6,1.9,41.92,4.87,98.22
2019-08-21,1.05,18.17,28.74,1.87,42.05,4.88,98.85
2019-08-22,1.08,18.2,28.81,1.89,41.99,4.71,98.76
2019-08-23,1.07,17.87,28.65,1.92,41.23,4.63,97.37
2019-08-24,0.97,17.39,26.49,1.94,37.58,4.64,91.04
2019-08-25,0.95,15.55,24.92,1.95,35.35,4.65,85.47
2019-08-26,1.02,17.49,27.5,1.88,39.39,4.71,94.18
2019-08-27,1.03,17.74,28.59,1.85,41.06,4.69,97.07
2019-08-28,1.05,18.18,28.52,1.89,41.14,4.78,97.72
2019-08-29,1.07,18.17,28.03,1.89,40.49,4.77,96.47
2019-08-30,1.08,17.88,27.81,1.92,40.2,4.75,95.71
2019-08-31,0.96,17.4,25.51,1.94,36.57,4.81,89.37
2019-09-01,0.88,15.67,26.6,1.92,34.57,4.96,86.58
2019-09-02,0.97,17.48,28.95,1.87,37.9,5.11,94.3
2019-09-03,0.97,17.6,29.8,1.8,39.28,5.06,96.56
2019-09-04,1.01,18.06,29.72,1.82,39.32,5.0,97.03
2019-09-05,1.05,18.07,29.77,1.86,39.09,5.34,97.26
2019-09-06,1.05,17.76,30.21,1.87,39.54,5.48,97.74
2019-09-07,0.94,17.27,28.78,1.89,37.4,5.5,93.68
2019-09-08,0.94,15.56,28.33,1.91,36.63,5.66,90.96
2019-09-09,1.02,17.38,30.82,1.8,40.33,5.72,99.13
2019-09-10,1.04,17.61,31.18,1.76,41.07,5.6,100.37
2019-09-11,1.04,18.02,30.81,1.79,40.79,5.31,99.86
2019-09-12,1.08,18.07,30.05,1.83,39.63,5.01,97.77
2019-09-13,1.07,17.74,27.91,1.86,37.02,5.21,92.77
2019-09-14,0.94,17.26,27.09,1.89,35.26,5.48,89.91
2019-09-15,0.95,15.54,26.64,1.9,34.69,5.33,87.08
2019-09-16,1.03,17.38,28.71,1.81,37.93,5.5,94.42
2019-09-17,1.04,17.6,28.73,1.78,38.03,5.84,95.07
2019-09-18,1.05,18.0,28.35,1.77,37.54,6.28,95.05
2019-09-19,1.06,18.05,28.22,1.81,37.12,6.5,94.84
2019-09-20,1.07,17.71,28.16,1.83,36.94,6.38,94.04
2019-09-21,0.95,17.18,26.53,1.88,34.58,5.94,88.99
2019-09-22,0.95,15.35,25.63,1.88,33.61,5.71,84.97
2019-09-23,1.02,17.21,28.12,1.79,37.31,5.87,93.39
2019-09-24,1.05,17.47,28.57,1.74,37.68,5.94,94.52
2019-09-25,1.05,17.81,28.04,1.78,37.07,5.92,93.74
2019-09-26,1.07,17.93,27.87,1.8,36.89,5.74,93.46
2019-09-27,1.07,17.57,27.72,1.82,36.59,5.8,92.69
2019-09-28,0.95,17.05,26.06,1.87,34.15,5.86,87.93
2019-09-29,0.95,15.2,25.08,1.87,32.65,5.9,83.68
2019-09-30,1.03,17.09,26.09,1.77,34.73,5.89,88.7
2019-10-01,1.0,18.07,26.85,1.71,34.9,5.63,90.17
2019-10-02,1.02,18.32,27.56,1.73,35.87,6.19,92.68
2019-10-03,1.05,18.48,28.18,1.77,36.28,6.88,94.54
2019-10-04,1.06,18.14,28.52,1.78,36.24,7.25,94.96
2019-10-05,0.94,17.57,27.05,1.81,33.6,7.5,90.44
2019-10-06,0.94,15.68,26.46,1.82,32.77,7.53,87.23
2019-10-07,1.01,17.6,28.28,1.73,35.66,7.37,93.76
2019-10-08,1.02,17.94,28.1,1.68,35.18,7.13,93.03
2019-10-09,1.02,18.2,27.55,1.69,34.42,7.09,92.02
2019-10-10,1.04,18.36,28.35,1.74,35.38,6.98,93.84
2019-10-11,1.05,17.95,28.8,1.78,35.68,6.87,94.09
2019-10-12,0.92,17.4,26.65,1.74,32.62,7.14,88.4
2019-10-13,0.92,15.48,25.29,1.8,31.01,6.96,83.4
2019-10-14,1.01,18.57,27.2,1.75,33.97,7.24,91.83
2019-10-15,1.02,17.81,28.26,1.71,35.22,7.53,93.64
2019-10-16,1.03,18.08,28.83,1.71,35.92,7.86,95.6
2019-10-17,1.05,18.24,28.83,1.74,35.83,7.8,95.49
2019-10-18,1.06,17.81,28.39,1.78,35.23,7.7,93.96
2019-10-19,0.95,17.26,26.93,1.82,33.34,7.56,89.86
2019-10-20,0.93,15.31,25.42,1.81,31.44,7.37,84.22
2019-10-21,1.01,17.39,27.84,1.73,34.68,7.24,91.97
2019-10-22,1.03,19.02,27.95,1.69,34.83,7.52,93.94
2019-10-23,1.04,19.25,28.11,1.7,34.98,7.46,94.69
2019-10-24,1.06,19.44,28.27,1.74,35.26,7.75,95.54
2019-10-25,1.06,19.26,28.07,1.78,34.9,8.49,95.61
2019-10-26,0.94,18.14,25.62,1.83,31.42,8.26,88.27
2019-10-27,0.92,16.75,24.41,1.75,29.89,8.28,84.04
2019-10-28,0.99,18.71,26.58,1.65,33.26,9.17,92.28
2019-10-29,0.99,19.11,28.31,1.59,35.62,9.55,97.25
2019-10-30,0.99,18.88,27.62,1.6,34.75,9.62,95.5
2019-10-31,0.99,19.27,28.16,1.64,35.4,9.82,97.4
2019-11-01,1.0,18.66,26.08,1.68,33.74,10.4,93.6
2019-11-02,0.92,17.97,25.56,1.71,32.7,10.02,90.84
2019-11-03,0.91,16.71,24.64,1.72,31.4,10.12,87.44
2019-11-04,1.02,18.89,26.07,1.65,33.81,9.97,93.43
2019-11-05,1.02,19.26,27.48,1.57,35.81,9.95,97.09
2019-11-06,1.03,19.24,28.16,1.56,36.63,10.41,99.02
2019-11-07,1.05,19.44,28.39,1.59,36.95,11.03,100.46
2019-11-08,1.07,19.24,28.4,1.64,36.97,12.08,101.46
2019-11-09,0.95,17.89,26.96,1.65,34.94,11.96,96.42
2019-11-10,0.93,16.77,25.72,1.69,33.08,11.49,91.69
2019-11-11,0.99,18.66,27.99,1.62,36.37,11.31,98.94
2019-11-12,1.02,19.23,28.91,1.53,37.87,11.99,102.43
2019-11-13,1.04,19.39,29.32,1.54,38.7,13.39,105.47
2019-11-14,1.06,19.52,29.55,1.59,38.95,13.2,105.92
2019-11-15,1.08,19.0,29.66,1.67,38.56,12.51,104.45
2019-11-16,0.95,18.11,28.01,1.66,36.12,12.05,98.82
2019-11-17,0.93,16.71,27.17,1.68,35.0,12.51,95.99
2019-11-18,1.01,19.12,29.62,1.61,38.43,12.91,104.68
2019-11-19,1.04,19.48,30.04,1.53,38.91,13.06,106.11
2019-11-20,1.05,19.29,30.91,1.55,39.79,13.02,107.76
2019-11-21,1.07,19.37,30.74,1.6,39.68,12.62,106.99
2019-11-22,1.09,19.07,30.67,1.65,39.62,11.92,105.96
2019-11-23,0.99,17.98,28.49,1.66,36.27,12.05,99.32
2019-11-24,0.96,16.57,27.28,1.69,34.87,12.85,96.21
2019-11-25,1.0,19.14,30.12,1.6,38.65,13.37,105.97
2019-11-26,1.04,19.54,31.05,1.51,39.72,12.9,107.77
2019-11-27,1.08,19.87,31.1,1.54,39.57,12.82,108.01
2019-11-28,0.97,19.11,30.98,1.57,39.3,13.62,107.57
2019-11-29,0.86,18.97,31.54,1.6,40.03,14.11,109.14
2019-11-30,0.94,18.23,29.99,1.65,37.83,14.55,105.32
2019-12-01,1.03,17.05,25.78,1.71,36.62,15.06,99.26
2019-12-02,1.06,18.89,28.09,1.64,40.42,15.7,107.77
2019-12-03,1.06,19.03,28.36,1.54,40.87,15.86,108.81
2019-12-04,1.06,19.22,28.7,1.59,41.38,15.77,109.76
2019-12-05,1.08,19.24,28.95,1.6,41.59,15.77,110.34
2019-12-06,1.08,18.81,28.93,1.67,41.69,15.19,109.44
2019-12-07,0.94,18.04,27.49,1.67,39.29,14.81,104.18
2019-12-08,0.92,16.74,25.53,1.71,36.54,14.26,97.64
2019-12-09,1.0,18.77,27.89,1.64,39.98,13.62,104.98
2019-12-10,1.03,19.21,28.73,1.55,41.29,14.4,108.3
2019-12-11,1.04,19.2,29.08,1.6,42.02,15.59,110.6
2019-12-12,1.08,19.43,29.08,1.63,42.01,15.53,110.9
2019-12-13,1.08,18.99,28.5,1.7,41.14,14.98,108.38
2019-12-14,0.95,18.05,26.69,1.71,38.21,14.26,101.87
2019-12-15,0.93,16.81,26.13,1.73,37.36,14.51,99.48
2019-12-16,1.0,18.88,28.16,1.68,40.56,14.87,107.26
2019-12-17,1.04,19.1,29.23,1.61,42.05,15.83,110.91
2019-12-18,1.07,19.13,29.21,1.66,42.3,17.39,112.88
2019-12-19,1.12,19.28,29.35,1.72,42.37,17.83,113.78
2019-12-20,1.14,19.14,28.46,1.78,40.9,16.89,110.31
2019-12-21,1.07,18.06,27.79,1.82,39.6,16.25,106.57
2019-12-22,1.04,16.81,27.33,1.82,38.9,15.97,103.96
2019-12-23,1.06,19.02,28.17,1.72,40.04,15.92,107.95
2019-12-24,1.02,18.04,27.66,1.57,39.14,16.05,105.52
2019-12-25,0.83,15.46,27.45,1.42,38.78,16.65,102.29
2019-12-26,1.0,17.31,27.84,1.63,39.57,17.93,107.26
2019-12-27,1.1,18.04,27.53,1.75,39.04,18.4,107.88
2019-12-28,1.03,17.05,26.68,1.79,37.64,18.7,104.95
2019-12-29,1.0,15.39,25.81,1.78,36.31,18.61,100.98
2019-12-30,1.01,17.19,26.36,1.69,37.27,19.24,104.75
2019-12-31,1.0,18.01,26.4,1.56,37.19,19.26,105.35
2020-01-01,0.88,14.41,23.59,1.55,36.08,18.01,96.3
2020-01-02,1.02,17.68,25.07,1.71,38.67,16.22,102.41
2020-01-03,1.08,17.79,25.34,1.77,39.09,15.36,102.34
2020-01-04,1.01,16.69,25.46,1.84,39.17,15.7,101.84
2020-01-05,1.02,15.07,24.8,1.84,38.24,16.51,99.44
2020-01-06,1.04,17.8,25.46,1.73,39.57,16.52,103.99
2020-01-07,1.03,18.38,26.53,1.63,41.4,16.43,107.26
2020-01-08,0.87,18.67,26.61,1.56,41.52,16.76,108.03
2020-01-09,0.99,18.9,27.31,1.63,42.53,17.08,110.55
2020-01-10,1.06,18.58,27.39,1.71,42.49,17.16,110.35
2020-01-11,0.93,17.09,26.7,1.74,41.19,17.2,106.75
2020-01-12,0.93,15.39,25.49,1.75,39.39,17.12,101.97
2020-01-13,1.01,18.52,25.84,1.65,40.21,17.02,106.21
2020-01-14,1.03,18.87,26.08,1.55,40.62,16.56,106.69
2020-01-15,1.04,18.97,26.8,1.58,41.69,15.95,108.0
2020-01-16,1.06,19.11,27.0,1.63,42.16,16.24,109.22
2020-01-17,1.08,18.72,26.59,1.7,41.75,17.31,109.13
2020-01-18,0.94,17.03,25.42,1.73,39.8,17.48,104.31
2020-01-19,0.91,15.44,24.27,1.73,38.08,18.19,100.56
2020-01-20,1.02,18.44,24.94,1.67,39.9,18.77,106.69
2020-01-21,1.05,18.72,25.39,1.57,40.71,18.46,107.9
2020-01-22,1.04,18.47,25.27,1.57,40.55,17.63,106.54
2020-01-23,1.06,18.04,25.14,1.62,40.05,17.03,105.09
2020-01-24,1.05,16.68,24.96,1.69,39.5,17.38,103.13
2020-01-25,0.92,15.13,24.24,1.68,38.11,17.21,99.19
2020-01-26,0.91,13.62,23.2,1.7,36.5,16.84,94.72
2020-01-27,1.0,16.56,23.22,1.62,36.86,16.27,97.54
2020-01-28,0.99,16.95,24.03,1.51,38.15,15.93,99.45
2020-01-29,0.98,16.96,23.98,1.53,38.07,16.26,99.82
2020-01-30,1.0,17.43,24.14,1.58,38.24,16.48,100.88
2020-01-31,0.99,17.07,23.84,1.64,37.78,15.95,99.32
2020-02-01,0.85,15.43,24.28,1.64,35.35,15.42,94.92
2020-02-02,0.82,14.12,22.67,1.63,32.92,15.5,89.6
2020-02-03,0.9,16.84,22.76,1.54,33.25,15.28,92.5
2020-02-04,0.91,16.94,23.57,1.44,34.48,15.79,94.95
2020-02-05,0.89,17.18,24.82,1.44,36.42,17.0,99.62
2020-02-06,0.9,17.35,25.79,1.48,37.87,17.77,103.0
2020-02-07,0.93,16.71,25.27,1.54,37.15,17.38,100.93
2020-02-08,0.83,15.16,24.27,1.59,35.65,17.36,96.72
2020-02-09,0.81,13.62,22.99,1.52,33.6,16.2,90.52
2020-02-10,0.87,17.05,23.13,1.46,34.2,14.88,93.3
2020-02-11,0.87,17.17,23.95,1.39,35.26,14.55,94.94
2020-02-12,0.87,17.29,24.29,1.42,35.71,13.98,95.38
2020-02-13,0.9,17.57,24.45,1.47,35.98,13.6,95.88
2020-02-14,0.96,17.83,24.88,1.55,36.64,15.05,98.78
2020-02-15,0.82,16.21,23.72,1.57,34.96,15.96,95.15
2020-02-16,0.78,14.44,22.41,1.57,32.97,14.57,88.52
2020-02-17,0.86,16.55,22.75,1.49,33.47,14.24,91.24
2020-02-18,0.9,17.55,23.97,1.4,35.31,13.96,95.03
2020-02-19,0.91,17.55,25.24,1.41,37.27,14.16,98.45
2020-02-20,0.92,17.64,24.03,1.46,35.8,14.41,96.31
2020-02-21,0.94,17.48,23.6,1.53,35.07,14.74,95.3
2020-02-22,0.83,15.86,22.97,1.56,33.71,13.57,90.37
2020-02-23,0.82,13.77,21.3,1.55,31.23,12.42,82.98
2020-02-24,0.88,16.91,22.32,1.48,32.8,12.05,88.44
2020-02-25,0.9,17.11,23.51,1.4,34.54,12.36,91.78
2020-02-26,0.92,16.9,24.17,1.42,35.69,13.59,94.64
2020-02-27,0.94,17.61,24.74,1.44,36.55,14.47,97.58
2020-02-28,0.97,17.51,25.14,1.51,37.12,14.19,98.42
2020-02-29,0.85,15.84,24.16,1.56,34.45,13.6,92.43
2020-03-01,0.87,13.93,24.24,1.55,31.89,12.84,87.23
2020-03-02,0.93,17.73,25.97,1.46,34.44,12.59,94.96
2020-03-03,0.92,18.37,27.2,1.36,36.04,12.34,98.2
2020-03-04,0.93,18.41,27.0,1.37,35.83,12.78,98.23
2020-03-05,0.96,18.5,26.66,1.4,35.36,12.77,97.59
2020-03-06,0.98,18.23,26.92,1.46,35.5,12.96,97.97
2020-03-07,0.86,16.12,25.59,1.48,33.61,12.58,92.14
2020-03-08,0.88,14.26,23.78,1.49,31.06,11.68,85.1
2020-03-09,0.92,17.7,25.25,1.36,33.08,11.2,91.52
2020-03-10,0.93,17.3,25.68,1.27,33.7,10.88,91.65
2020-03-11,0.94,18.51,25.44,1.26,33.37,10.41,91.96
2020-03-12,0.96,18.54,25.21,1.29,33.1,10.56,91.49
2020-03-13,0.97,17.89,25.91,1.36,33.94,11.22,93.26
2020-03-14,0.87,14.86,25.78,1.35,33.87,12.17,90.81
2020-03-15,0.87,12.18,24.54,1.32,32.24,11.99,85.21
2020-03-16,0.89,16.27,25.66,1.18,34.06,11.99,91.98
2020-03-17,0.89,15.92,26.27,1.03,34.84,10.75,91.66
2020-03-18,0.85,15.35,25.43,0.98,33.97,9.87,88.37
2020-03-19,0.81,15.02,25.47,0.93,33.77,9.7,87.71
2020-03-20,0.79,15.06,25.11,0.9,33.04,9.56,86.39
2020-03-21,0.69,11.79,24.61,0.83,32.32,10.99,83.1
2020-03-22,0.64,8.58,23.87,0.71,31.24,11.75,78.61
2020-03-23,0.61,13.04,24.61,0.57,32.48,11.79,85.09
2020-03-24,0.6,13.02,25.12,0.49,33.08,11.37,85.55
2020-03-25,0.57,12.96,24.51,0.45,32.25,10.9,83.62
2020-03-26,0.55,13.11,24.58,0.41,32.05,10.96,83.58
2020-03-27,0.52,12.84,24.44,0.39,31.88,10.73,82.74
2020-03-28,0.46,9.66,23.95,0.38,30.99,10.85,78.2
2020-03-29,0.44,7.73,23.56,0.33,30.48,11.44,75.92
2020-03-30,0.43,12.25,23.82,0.28,30.97,11.58,81.29
2020-03-31,0.46,12.59,25.57,0.28,32.62,11.69,85.27
2020-04-01,0.45,12.51,26.86,0.29,32.73,11.66,86.59
2020-04-02,0.41,12.64,26.72,0.29,32.46,11.18,85.64
2020-04-03,0.4,12.64,26.25,0.3,31.99,10.58,84.08
2020-04-04,0.34,9.32,24.21,0.27,29.86,10.44,76.4
2020-04-05,0.33,7.69,23.74,0.27,28.98,9.88,72.8
2020-04-06,0.35,11.49,24.16,0.25,29.56,9.08,76.87
2020-04-07,0.37,12.8,25.72,0.26,31.43,8.51,81.02
2020-04-08,0.38,12.82,25.88,0.28,31.73,8.02,81.1
2020-04-09,0.37,12.92,26.15,0.28,32.07,8.72,82.48
2020-04-10,0.36,11.44,25.79,0.29,31.39,9.71,80.82
2020-04-11,0.31,9.85,25.21,0.28,30.68,9.53,77.69
2020-04-12,0.29,7.88,23.64,0.27,28.87,8.73,71.49
2020-04-13,0.3,11.73,24.53,0.24,30.12,9.17,77.92
2020-04-14,0.34,12.93,25.25,0.25,31.17,9.91,81.81
2020-04-15,0.35,13.17,24.67,0.28,30.62,9.44,80.37
2020-04-16,0.32,13.1,24.57,0.27,30.49,8.92,79.54
2020-04-17,0.32,13.01,24.81,0.27,30.59,8.79,79.66
2020-04-18,0.28,10.35,24.47,0.26,29.79,8.88,75.84
2020-04-19,0.27,8.2,22.48,0.25,27.55,8.62,69.09
2020-04-20,0.28,13.1,23.14,0.27,28.56,8.88,76.09
2020-04-21,0.31,13.27,24.29,0.29,29.71,9.06,78.82
2020-04-22,0.33,13.57,24.4,0.32,29.96,9.25,79.73
2020-04-23,0.33,13.48,24.97,0.35,30.84,8.9,80.8
2020-04-24,0.33,13.36,24.38,0.35,30.1,8.14,78.41
2020-04-25,0.29,10.47,24.05,0.33,29.4,8.11,74.55
2020-04-26,0.28,8.94,23.53,0.33,28.52,7.99,71.53
2020-04-27,0.28,13.32,23.81,0.32,28.99,7.82,76.43
2020-04-28,0.33,13.75,24.01,0.33,29.34,7.33,76.92
2020-04-29,0.35,13.76,24.56,0.37,29.86,7.07,77.9
2020-04-30,0.38,14.37,24.01,0.38,28.95,7.12,77.08
2020-05-01,0.36,11.36,22.42,0.37,26.6,6.99,69.92
2020-05-02,0.29,10.77,22.44,0.34,26.54,6.61,68.85
2020-05-03,0.29,8.76,23.39,0.32,27.52,6.49,68.4
2020-05-04,0.3,12.78,24.59,0.32,28.91,6.89,75.68
2020-05-05,0.37,13.07,25.45,0.33,30.05,7.37,78.34
2020-05-06,0.37,13.93,25.95,0.35,30.71,7.37,80.58
2020-05-07,0.37,13.96,26.28,0.37,30.75,7.07,80.61
2020-05-08,0.37,13.99,26.61,0.37,31.22,6.95,81.33
2020-05-09,0.33,12.01,26.65,0.37,31.25,7.18,79.57
2020-05-10,0.32,9.43,24.68,0.36,28.87,6.8,72.24
2020-05-11,0.33,14.05,24.1,0.36,28.51,7.69,76.86
2020-05-12,0.36,14.78,26.02,0.37,30.95,8.03,82.38
2020-05-13,0.37,14.7,26.89,0.39,31.76,7.74,83.74
2020-05-14,0.38,14.92,27.05,0.42,31.98,7.1,83.61
2020-05-15,0.39,15.13,27.22,0.41,32.22,6.55,83.78
2020-05-16,0.34,12.4,26.47,0.4,31.4,6.36,79.05
2020-05-17,0.34,10.15,24.99,0.39,29.58,6.22,73.34
2020-05-18,0.34,14.86,25.42,0.36,30.34,5.93,79.09
2020-05-19,0.37,15.13,27.57,0.38,32.61,5.86,83.76
2020-05-20,0.4,15.25,27.8,0.4,32.75,6.06,84.52
2020-05-21,0.41,14.55,26.52,0.41,31.52,5.98,81.31
2020-05-22,0.42,15.4,26.83,0.41,31.97,5.54,82.42
2020-05-23,0.35,12.33,26.5,0.39,31.39,5.84,78.62
2020-05-24,0.34,10.13,25.55,0.38,30.31,5.98,74.38
2020-05-25,0.35,13.37,26.38,0.35,31.5,5.75,79.52
2020-05-26,0.36,14.6,27.78,0.37,33.56,5.52,83.99
2020-05-27,0.41,15.12,28.12,0.39,33.98,5.3,85.26
2020-05-28,0.42,14.78,27.39,0.4,32.95,5.32,83.15
2020-05-29,0.44,15.52,26.9,0.39,32.42,5.29,82.76
2020-05-30,0.38,13.34,26.53,0.38,31.71,5.34,79.47
2020-05-31,0.37,11.23,24.5,0.36,29.65,5.54,73.48
2020-06-01,0.43,14.85,24.84,0.35,30.76,5.63,78.73
2020-06-02,0.46,16.1,26.52,0.36,33.07,5.33,83.65
2020-06-03,0.47,16.38,27.37,0.39,34.52,5.3,86.35
2020-06-04,0.49,16.48,28.18,0.41,35.47,5.62,88.54
2020-06-05,0.51,16.83,27.99,0.41,35.11,5.82,88.43
2020-06-06,0.44,14.01,26.6,0.4,33.15,5.67,82.06
2020-06-07,0.44,11.84,24.89,0.4,30.83,5.64,75.85
2020-06-08,0.46,16.0,26.26,0.36,32.85,5.68,83.46
2020-06-09,0.49,16.39,28.29,0.37,35.5,5.6,88.46
2020-06-10,0.51,16.77,28.4,0.39,35.68,5.47,89.1
2020-06-11,0.53,16.44,28.15,0.42,35.21,5.26,87.86
2020-06-12,0.55,16.78,27.76,0.42,34.61,5.01,87.02
2020-06-13,0.48,14.77,27.34,0.4,33.51,5.14,83.36
2020-06-14,0.49,12.43,26.04,0.41,31.78,5.23,78.22
2020-06-15,0.5,16.46,27.02,0.4,33.37,5.08,84.64
2020-06-16,0.52,16.7,27.85,0.4,34.51,5.01,86.88
2020-06-17,0.54,16.89,28.2,0.42,35.02,5.0,88.03
2020-06-18,0.55,17.04,28.32,0.44,35.45,5.05,88.7
2020-06-19,0.57,16.92,28.12,0.45,35.31,5.07,88.23
2020-06-20,0.5,14.77,26.85,0.44,33.73,4.99,83.07
2020-06-21,0.5,12.29,25.45,0.43,31.92,4.95,77.31
2020-06-22,0.52,16.47,26.85,0.41,33.98,4.89,85.04
2020-06-23,0.54,16.86,28.36,0.41,35.82,4.75,88.67
2020-06-24,0.57,16.73,28.37,0.44,35.97,4.75,88.73
2020-06-25,0.57,16.48,27.32,0.46,34.93,4.76,86.4
2020-06-26,0.57,16.4,28.38,0.47,35.92,4.74,88.49
2020-06-27,0.53,14.64,28.56,0.45,35.78,4.76,86.59
2020-06-28,0.52,13.29,27.23,0.44,34.03,4.88,82.34
2020-06-29,0.53,16.56,27.4,0.41,34.68,5.06,86.67
2020-06-30,0.57,17.03,27.78,0.42,36.53,4.96,89.28
2020-07-01,0.62,16.9,26.88,0.51,37.4,4.68,89.01
2020-07-02,0.65,17.54,26.75,0.53,37.42,4.72,89.43
2020-07-03,0.66,17.24,26.34,0.56,36.93,4.73,88.31
2020-07-04,0.53,14.66,25.17,0.56,35.18,4.58,82.51
2020-07-05,0.58,12.97,23.59,0.55,33.0,4.56,76.98
2020-07-06,0.63,16.75,24.9,0.5,34.99,4.81,84.53
2020-07-07,0.65,16.97,26.79,0.5,37.56,4.97,89.3
2020-07-08,0.67,17.16,27.08,0.53,38.08,4.93,90.41
2020-07-09,0.69,17.29,27.04,0.55,38.19,4.73,90.46
2020-07-10,0.72,17.32,26.75,0.58,37.82,4.76,89.86
2020-07-11,0.65,15.25,26.01,0.58,36.4,4.98,85.7
2020-07-12,0.65,13.12,24.48,0.56,34.11,4.88,79.67
2020-07-13,0.66,16.81,25.6,0.51,35.88,4.71,86.08
2020-07-14,0.67,16.7,26.84,0.51,37.59,4.74,88.92
2020-07-15,0.71,17.04,27.2,0.57,38.24,4.8,90.56
2020-07-16,0.73,17.12,27.28,0.6,38.42,4.84,90.87
2020-07-17,0.74,17.11,27.45,0.62,38.67,4.68,91.17
2020-07-18,0.67,15.16,27.01,0.64,37.92,4.59,87.83
2020-07-19,0.67,13.2,25.71,0.61,36.19,4.59,82.81
2020-07-20,0.68,16.69,26.31,0.56,37.43,4.65,88.24
2020-07-21,0.68,17.04,27.38,0.54,38.84,4.75,91.18
2020-07-22,0.71,17.15,27.79,0.58,39.3,4.73,92.13
2020-07-23,0.73,17.15,28.17,0.6,39.52,4.66,92.79
2020-07-24,0.75,17.27,28.34,0.63,39.49,4.6,93.02
2020-07-25,0.69,15.41,27.72,0.65,38.51,4.57,89.41
2020-07-26,0.68,13.83,25.87,0.63,36.21,4.55,83.71
2020-07-27,0.68,17.3,26.96,0.56,38.19,4.54,90.16
2020-07-28,0.69,17.58,28.67,0.56,40.41,4.57,94.41
2020-07-29,0.64,17.76,29.32,0.55,41.13,4.64,96.11
2020-07-30,0.7,17.46,29.57,0.59,41.28,4.54,96.06
2020-07-31,0.74,16.79,29.08,0.63,41.28,4.53,95.01
2020-08-01,0.7,14.87,27.21,0.69,39.68,4.55,89.58
2020-08-02,0.69,13.19,26.1,0.67,37.8,4.58,84.77
2020-08-03,0.71,16.38,27.25,0.61,39.5,4.74,91.1
2020-08-04,0.7,16.6,28.21,0.59,40.93,4.75,93.57
2020-08-05,0.72,16.83,28.49,0.63,41.44,4.53,94.56
2020-08-06,0.75,17.01,28.43,0.65,41.31,4.46,94.5
2020-08-07,0.78,17.08,28.26,0.68,41.12,4.46,94.41
2020-08-08,0.71,15.37,27.54,0.71,39.92,4.47,90.6
2020-08-09,0.71,13.88,26.31,0.68,38.13,4.49,86.06
2020-08-10,0.71,16.91,27.08,0.64,39.63,4.49,91.3
2020-08-11,0.72,17.19,27.88,0.6,40.82,4.51,93.58
2020-08-12,0.73,17.07,27.5,0.63,40.34,4.55,92.79
2020-08-13,0.75,17.58,27.19,0.65,39.87,4.59,92.59
2020-08-14,0.78,17.65,27.31,0.69,39.91,4.6,92.86
2020-08-15,0.71,15.4,26.86,0.72,39.08,4.59,89.31
2020-08-16,0.71,14.32,26.12,0.69,37.87,4.56,86.11
2020-08-17,0.73,17.21,27.68,0.63,40.32,4.6,93.13
2020-08-18,0.72,17.76,28.77,0.6,42.07,4.63,96.42
2020-08-19,0.72,17.82,28.03,0.63,40.98,4.63,94.72
2020-08-20,0.76,17.32,27.21,0.66,39.91,4.59,92.37
2020-08-21,0.77,17.72,26.92,0.69,39.65,4.57,92.25
2020-08-22,0.71,16.02,26.0,0.71,38.18,4.57,88.12
2020-08-23,0.71,13.45,24.75,0.7,36.18,4.64,82.31
2020-08-24,0.73,16.86,25.83,0.63,38.14,4.72,88.86
2020-08-25,0.73,17.33,27.17,0.61,40.4,4.64,92.63
2020-08-26,0.72,17.34,26.65,0.63,39.8,4.65,91.64
2020-08-27,0.75,17.63,26.77,0.68,40.27,4.85,92.95
2020-08-28,0.77,17.64,26.9,0.71,40.26,4.86,93.18
2020-08-29,0.7,15.86,26.18,0.72,38.71,5.08,89.18
2020-08-30,0.69,14.2,24.73,0.7,36.15,5.13,83.54
2020-08-31,0.7,17.24,26.29,0.65,37.74,5.17,89.86
2020-09-01,0.71,17.77,30.92,0.6,39.75,5.32,97.0
2020-09-02,0.72,17.87,31.0,0.62,40.2,5.29,97.56
2020-09-03,0.75,18.33,30.36,0.67,39.44,5.08,96.58
2020-09-04,0.79,18.27,30.06,0.7,39.0,4.91,95.68
2020-09-05,0.69,16.5,29.12,0.71,37.24,5.11,91.36
2020-09-06,0.64,14.27,28.09,0.7,35.49,5.33,86.31
2020-09-07,0.69,16.77,28.97,0.63,36.73,5.28,90.89
2020-09-08,0.67,17.8,30.19,0.59,38.66,5.19,94.94
2020-09-09,0.71,17.95,31.16,0.63,39.98,5.25,97.65
2020-09-10,0.75,18.21,30.7,0.67,39.77,5.56,97.56
2020-09-11,0.77,18.17,29.54,0.7,38.22,5.5,94.79
2020-09-12,0.69,16.28,28.42,0.71,36.15,5.27,89.47
2020-09-13,0.69,14.29,26.96,0.7,34.1,5.06,83.65
2020-09-14,0.71,17.57,28.28,0.63,35.95,4.98,90.01
2020-09-15,0.71,17.93,29.0,0.6,36.92,5.16,92.26
2020-09-16,0.73,17.84,28.97,0.63,37.03,5.2,92.51
2020-09-17,0.75,18.24,29.15,0.67,37.08,5.5,93.24
2020-09-18,0.78,18.19,28.42,0.7,36.04,5.89,91.94
2020-09-19,0.69,16.51,27.54,0.71,34.21,6.16,87.81
2020-09-20,0.7,14.19,26.33,0.7,32.56,6.18,82.5
2020-09-21,0.72,17.09,26.23,0.63,33.05,6.03,85.7
2020-09-22,0.72,17.59,27.19,0.58,34.49,5.75,88.16
2020-09-23,0.73,17.89,27.05,0.62,34.51,5.43,88.2
2020-09-24,0.76,17.85,27.19,0.66,34.51,5.62,88.52
2020-09-25,0.78,17.85,27.4,0.7,34.68,6.16,89.46
2020-09-26,0.69,16.24,26.47,0.71,33.11,6.46,85.53
2020-09-27,0.7,14.41,25.65,0.71,32.0,6.52,81.86
2020-09-28,0.63,17.27,26.25,0.64,33.23,6.65,86.7
2020-09-29,0.54,17.73,26.99,0.51,34.6,6.68,89.07
2020-09-30,0.74,17.95,27.53,0.64,34.33,6.42,89.55
2020-10-01,0.77,17.83,28.25,0.66,34.15,6.45,89.99
2020-10-02,0.79,17.11,25.5,0.69,31.45,6.8,84.22
2020-10-03,0.69,15.83,24.81,0.69,30.23,6.89,80.99
2020-10-04,0.71,13.92,24.41,0.66,29.13,7.45,78.21
2020-10-05,0.72,16.91,24.96,0.59,30.3,7.59,83.07
2020-10-06,0.72,17.26,27.4,0.54,33.18,7.14,88.14
2020-10-07,0.73,17.57,28.18,0.58,34.12,6.67,89.72
2020-10-08,0.78,17.56,27.65,0.61,33.39,6.75,88.72
2020-10-09,0.8,17.83,27.43,0.66,33.26,6.75,88.61
2020-10-10,0.7,16.5,27.53,0.7,32.94,6.65,86.86
2020-10-11,0.7,14.19,26.8,0.67,31.52,7.3,83.09
2020-10-12,0.73,16.88,26.91,0.61,32.3,7.71,87.13
2020-10-13,0.72,17.88,28.44,0.57,34.19,7.9,91.64
2020-10-14,0.73,18.0,28.59,0.62,34.09,8.12,92.11
2020-10-15,0.78,18.1,28.54,0.65,34.28,8.19,92.48
2020-10-16,0.8,18.01,29.64,0.71,35.4,8.85,95.29
2020-10-17,0.7,16.29,28.99,0.73,34.32,9.18,92.09
2020-10-18,0.72,14.28,27.46,0.7,32.45,8.97,86.53
2020-10-19,0.74,17.63,27.87,0.63,33.66,8.73,91.13
2020-10-20,0.72,17.85,28.67,0.58,34.6,8.07,92.33
2020-10-21,0.73,17.96,28.39,0.62,34.21,7.69,91.52
2020-10-22,0.76,18.09,29.17,0.65,35.0,7.62,93.21
2020-10-23,0.78,17.97,29.28,0.7,35.14,7.99,93.7
2020-10-24,0.68,16.31,28.2,0.73,33.46,8.3,89.65
2020-10-25,0.69,14.54,27.0,0.68,31.69,8.71,85.19
2020-10-26,0.71,17.42,27.57,0.63,32.92,8.88,89.95
2020-10-27,0.71,17.9,29.32,0.58,35.0,9.32,94.87
2020-10-28,0.72,18.01,30.41,0.63,36.27,9.17,97.05
2020-10-29,0.75,17.73,29.92,0.67,35.63,9.03,95.61
2020-10-30,0.78,17.71,30.07,0.71,35.73,9.07,95.96
2020-10-31,0.66,16.28,27.96,0.72,33.1,9.05,89.63
2020-11-01,0.66,14.62,24.51,0.71,31.4,9.07,82.84
2020-11-02,0.72,16.96,25.56,0.66,33.17,9.51,88.58
2020-11-03,0.72,17.23,26.35,0.6,34.18,10.2,91.15
2020-11-04,0.73,17.06,27.04,0.64,35.08,10.0,92.52
2020-11-05,0.77,17.67,27.78,0.67,35.9,9.38,93.99
2020-11-06,0.8,17.64,28.08,0.69,36.12,9.1,94.28
2020-11-07,0.71,16.27,27.39,0.71,34.9,9.07,90.91
2020-11-08,0.71,13.95,26.31,0.7,33.39,9.43,86.31
2020-11-09,0.74,17.26,26.66,0.63,34.49,9.88,91.5
2020-11-10,0.72,17.63,28.65,0.58,37.14,9.99,96.74
2020-11-11,0.73,17.41,29.06,0.64,37.67,10.04,97.44
2020-11-12,0.76,17.84,29.0,0.67,37.71,10.29,98.16
2020-11-13,0.8,17.5,29.19,0.68,37.77,10.55,98.43
2020-11-14,0.71,15.4,27.7,0.69,35.31,10.4,92.16
2020-11-15,0.71,14.15,26.42,0.7,33.47,9.92,87.21
2020-11-16,0.75,17.1,26.94,0.63,34.69,10.27,92.27
2020-11-17,0.74,17.28,28.48,0.59,36.79,10.55,96.31
2020-11-18,0.75,17.52,29.08,0.64,37.33,11.01,98.19
2020-11-19,0.78,17.77,28.64,0.67,36.82,11.41,97.96
2020-11-20,0.84,17.52,29.96,0.7,38.34,11.82,101.02
2020-11-21,0.78,16.0,30.05,0.7,38.08,12.98,100.44
2020-11-22,0.77,13.73,29.05,0.69,36.61,13.64,96.33
2020-11-23,0.78,17.35,28.74,0.62,36.77,13.69,99.82
2020-11-24,0.81,17.76,31.04,0.58,39.59,13.69,105.41
2020-11-25,0.83,18.01,32.52,0.64,41.29,13.28,108.41
2020-11-26,0.69,17.16,32.53,0.65,41.02,13.07,106.94
2020-11-27,0.69,17.25,32.82,0.67,41.4,13.5,108.15
2020-11-28,0.75,16.0,32.24,0.69,40.47,14.3,106.48
2020-11-29,0.8,14.39,31.85,0.71,39.83,14.74,104.3
2020-11-30,0.81,17.74,31.07,0.66,40.38,14.89,107.55
2020-12-01,0.8,17.96,27.92,0.61,41.2,14.93,105.41
2020-12-02,0.78,17.94,28.24,0.68,41.8,15.49,106.82
2020-12-03,0.79,18.17,28.61,0.7,42.24,15.77,108.11
2020-12-04,0.81,17.9,28.52,0.72,41.85,15.18,106.82
2020-12-05,0.72,16.32,28.68,0.73,41.92,14.93,105.24
2020-12-06,0.72,14.57,27.16,0.73,39.81,14.88,99.73
2020-12-07,0.75,17.54,27.71,0.67,40.88,15.29,104.72
2020-12-08,0.74,17.28,28.5,0.64,42.27,15.36,106.65
2020-12-09,0.76,17.67,29.19,0.69,43.24,15.01,108.55
2020-12-10,0.79,17.99,28.37,0.75,42.05,14.63,106.48
2020-12-11,0.81,17.59,28.67,0.77,42.15,14.35,106.2
2020-12-12,0.71,15.99,28.18,0.78,41.17,14.25,102.94
2020-12-13,0.71,14.31,26.73,0.76,39.04,15.48,98.88
2020-12-14,0.75,17.69,27.89,0.7,41.12,17.06,107.03
2020-12-15,0.76,17.93,29.82,0.68,44.25,17.68,112.93
2020-12-16,0.77,17.87,29.65,0.74,44.24,17.68,112.92
2020-12-17,0.81,18.15,29.45,0.78,43.78,17.91,112.73
2020-12-18,0.91,18.04,29.31,0.85,43.44,18.4,112.94
2020-12-19,0.87,16.4,27.94,0.89,41.25,18.43,107.65
2020-12-20,0.85,14.49,27.65,0.86,40.51,17.88,104.05
2020-12-21,0.83,17.89,28.15,0.75,41.46,16.69,107.72
2020-12-22,0.87,18.79,28.57,0.71,41.87,15.36,108.0
2020-12-23,0.89,18.81,28.2,0.75,41.32,15.06,106.95
2020-12-24,0.8,17.28,27.61,0.68,40.49,16.19,104.94
2020-12-25,0.64,13.13,27.46,0.58,40.61,17.45,101.43
2020-12-26,0.75,14.41,26.89,0.7,39.77,17.91,102.17
2020-12-27,0.85,13.98,26.22,0.74,38.49,17.3,99.44
2020-12-28,0.82,16.9,27.21,0.67,39.95,17.22,104.65
2020-12-29,0.84,17.22,27.3,0.64,39.97,18.87,106.61
2020-12-30,0.86,17.41,27.38,0.68,39.79,19.8,107.68
2020-12-31,0.79,16.22,26.47,0.62,39.43,19.81,105.26
2021-01-01,0.61,11.83,25.14,0.57,40.39,19.4,99.49
2021-01-02,0.73,14.41,24.45,0.72,39.48,17.9,99.46
2021-01-03,0.84,13.38,25.13,0.76,40.53,17.06,99.57
2021-01-04,0.82,16.49,25.84,0.68,41.9,16.44,104.01
2021-01-05,0.77,16.71,25.82,0.63,42.07,16.77,104.68
2021-01-06,0.73,16.51,26.83,0.65,43.81,17.69,108.04
2021-01-07,0.73,17.1,28.24,0.68,46.21,18.98,113.76
2021-01-08,0.76,16.88,29.13,0.72,47.78,19.32,116.37
2021-01-09,0.69,15.33,28.64,0.74,46.97,18.84,113.06
2021-01-10,0.7,13.01,28.2,0.74,46.08,18.81,109.35
2021-01-11,0.71,16.41,28.1,0.63,46.08,19.44,113.15
2021-01-12,0.69,16.92,27.57,0.59,45.25,18.99,111.93
2021-01-13,0.69,16.94,27.75,0.63,45.48,18.41,111.81
2021-01-14,0.73,16.95,27.72,0.68,45.35,17.6,110.9
2021-01-15,0.75,17.18,27.55,0.69,45.09,18.05,111.29
2021-01-16,0.67,15.92,27.11,0.71,44.23,18.94,109.42
2021-01-17,0.65,14.02,26.32,0.69,43.06,19.27,105.89
2021-01-18,0.68,17.65,26.04,0.63,43.0,18.32,108.15
2021-01-19,0.66,16.69,25.85,0.59,42.68,17.3,105.61
2021-01-20,0.66,16.56,26.36,0.62,43.39,16.43,105.85
2021-01-21,0.69,17.08,26.5,0.66,43.54,15.98,106.19
2021-01-22,0.71,17.17,26.43,0.68,43.43,16.08,106.26
2021-01-23,0.62,15.28,25.99,0.68,42.72,17.03,104.26
2021-01-24,0.61,13.16,25.79,0.68,42.4,17.3,101.7
2021-01-25,0.64,16.43,25.8,0.64,42.54,17.48,105.44
2021-01-26,0.62,16.51,25.32,0.59,41.78,17.69,104.47
2021-01-27,0.65,17.12,26.03,0.63,43.03,17.88,107.29
2021-01-28,0.65,17.22,26.33,0.67,43.58,18.52,108.73
2021-01-29,0.67,17.25,25.84,0.69,42.87,18.31,107.64
2021-01-30,0.59,15.66,25.33,0.7,41.76,18.1,104.05
2021-01-31,0.59,13.99,25.44,0.69,40.14,17.58,100.25
2021-02-01,0.6,17.09,27.73,0.62,40.26,17.48,105.58
2021-02-02,0.59,16.97,27.04,0.58,39.26,16.71,102.94
2021-02-03,0.63,16.98,27.33,0.64,39.68,15.56,102.59
2021-02-04,0.66,17.13,27.77,0.68,40.19,15.21,103.62
2021-02-05,0.71,17.24,27.92,0.7,40.4,15.33,104.28
2021-02-06,0.63,15.58,26.34,0.71,38.22,16.03,99.29
2021-02-07,0.6,14.36,25.72,0.68,37.78,17.66,98.64
2021-02-08,0.65,17.39,26.09,0.62,38.9,18.49,104.01
2021-02-09,0.65,16.86,25.66,0.59,38.33,17.81,101.8
2021-02-10,0.65,16.7,25.96,0.65,38.85,17.2,101.9
2021-02-11,0.62,15.76,25.29,0.67,38.17,17.11,99.3
2021-02-12,0.65,15.86,24.73,0.68,37.73,17.38,98.85
2021-02-13,0.59,14.23,24.06,0.67,36.86,17.5,95.75
2021-02-14,0.56,13.32,23.39,0.63,35.99,17.37,93.11
2021-02-15,0.59,15.34,22.96,0.56,35.62,17.56,94.48
2021-02-16,0.6,15.51,22.47,0.52,35.02,16.99,92.97
2021-02-17,0.67,15.94,23.49,0.55,36.53,17.13,96.07
2021-02-18,0.67,16.85,24.24,0.59,37.54,16.4,98.27
2021-02-19,0.73,16.91,23.79,0.62,36.43,15.18,95.62
2021-02-20,0.7,16.05,22.76,0.65,34.47,13.92,90.54
2021-02-21,0.71,14.9,22.48,0.65,33.65,13.19,87.45
2021-02-22,0.72,17.38,22.64,0.57,33.66,13.12,89.91
2021-02-23,0.71,17.49,23.02,0.54,33.79,13.27,90.64
2021-02-24,0.72,17.61,23.93,0.59,34.94,12.82,92.52
2021-02-25,0.75,18.05,24.9,0.64,36.28,13.21,95.65
2021-02-26,0.79,18.13,25.55,0.66,37.13,13.99,98.24
2021-02-27,0.73,16.54,25.38,0.68,36.47,13.71,95.44
2021-02-28,0.73,14.85,25.46,0.68,35.35,13.48,92.47
2021-03-01,0.78,18.02,26.8,0.61,36.39,13.65,98.1
2021-03-02,0.77,17.93,28.0,0.58,37.83,14.14,101.18
2021-03-03,0.77,17.95,29.49,0.62,39.67,13.2,103.61
2021-03-04,0.81,18.16,29.37,0.67,39.31,12.48,102.75
2021-03-05,0.86,18.17,29.97,0.69,40.15,13.58,105.31
2021-03-06,0.77,16.73,29.66,0.7,39.29,14.54,103.44
2021-03-07,0.77,15.5,28.72,0.68,37.96,14.5,100.01
2021-03-08,0.82,17.58,28.88,0.62,38.43,13.64,101.95
2021-03-09,0.79,18.0,28.58,0.58,38.06,12.67,100.55
2021-03-10,0.8,17.88,29.1,0.63,38.61,12.18,101.18
2021-03-11,0.84,18.06,28.69,0.67,38.01,11.47,99.64
2021-03-12,0.89,18.2,28.24,0.7,37.54,11.41,98.81
2021-03-13,0.81,16.81,27.41,0.71,36.21,11.59,95.33
2021-03-14,0.81,15.66,26.67,0.7,34.99,11.28,92.0
2021-03-15,0.8,17.95,27.09,0.63,36.15,11.82,96.41
2021-03-16,0.82,18.13,27.56,0.6,36.91,12.11,98.0
2021-03-17,0.82,18.04,28.32,0.66,37.62,12.18,99.64
2021-03-18,0.86,18.36,28.94,0.7,38.25,12.4,101.35
2021-03-19,0.91,18.49,28.56,0.72,37.57,12.97,101.18
2021-03-20,0.84,16.79,27.63,0.73,36.03,13.04,96.99
2021-03-21,0.84,15.33,26.68,0.72,34.63,12.57,92.62
2021-03-22,0.85,18.05,27.31,0.63,35.81,11.87,96.45
2021-03-23,0.83,18.26,27.45,0.61,35.78,10.95,95.81
2021-03-24,0.85,18.28,28.14,0.66,36.63,10.05,96.48
2021-03-25,0.88,18.48,28.62,0.71,37.44,9.68,97.78
2021-03-26,0.92,18.57,27.86,0.75,36.17,9.53,95.8
2021-03-27,0.85,17.07,27.5,0.77,35.29,9.5,92.84
2021-03-28,0.84,15.62,27.3,0.74,34.9,9.09,90.34
2021-03-29,0.86,17.3,26.73,0.67,34.17,9.03,90.75
2021-03-30,0.86,18.06,26.78,0.64,34.36,8.49,91.12
2021-03-31,0.87,18.79,28.87,0.7,36.33,8.45,96.03
2021-04-01,0.92,18.61,30.62,0.74,36.0,9.51,98.35
2021-04-02,0.94,17.52,30.18,0.75,35.33,10.72,97.4
2021-04-03,0.86,16.57,29.29,0.76,34.13,10.8,94.44
2021-04-04,0.82,15.01,28.65,0.74,33.26,10.2,90.55
2021-04-05,0.91,17.23,27.42,0.67,32.15,10.09,90.32
2021-04-06,0.9,17.97,28.06,0.64,32.82,10.29,92.68
2021-04-07,0.88,17.48,29.59,0.69,34.62,10.33,95.46
2021-04-08,0.91,18.38,29.9,0.72,35.07,9.98,96.84
2021-04-09,0.94,18.59,30.21,0.75,35.4,9.6,97.42
2021-04-10,0.86,17.42,29.46,0.77,34.34,9.18,93.95
2021-04-11,0.84,15.65,28.9,0.77,33.51,9.14,90.75
2021-04-12,0.9,18.23,28.99,0.67,34.04,9.59,94.31
2021-04-13,0.87,17.61,29.22,0.64,34.41,10.01,94.74
2021-04-14,0.87,18.04,29.57,0.68,34.81,10.14,96.05
2021-04-15,0.89,17.88,29.51,0.71,34.84,10.04,95.91
2021-04-16,0.92,18.38,29.61,0.72,34.87,10.0,96.5
2021-04-17,0.83,15.92,28.44,0.73,33.36,9.95,91.15
2021-04-18,0.85,14.35,28.09,0.73,32.88,9.35,88.15
2021-04-19,0.86,17.98,28.09,0.66,33.11,8.8,91.49
2021-04-20,0.85,17.6,28.09,0.63,33.64,8.69,91.43
2021-04-21,0.85,17.6,28.71,0.67,34.35,9.05,93.21
2021-04-22,0.89,17.66,28.68,0.71,34.21,9.52,93.66
2021-04-23,0.92,17.65,28.83,0.72,34.35,8.98,93.41
2021-04-24,0.82,15.81,28.01,0.75,33.32,8.68,89.33
2021-04-25,0.84,14.5,27.6,0.73,32.48,9.04,87.17
2021-04-26,0.87,17.44,27.6,0.66,32.94,9.01,90.54
2021-04-27,0.86,17.59,27.28,0.64,32.78,8.2,89.33
2021-04-28,0.87,17.96,28.65,0.69,34.45,7.54,92.18
2021-04-29,0.92,17.55,28.5,0.74,34.42,7.62,91.78
2021-04-30,0.94,17.79,28.11,0.76,33.52,7.83,90.97
2021-05-01,0.85,15.36,25.15,0.77,29.5,7.83,81.41
2021-05-02,0.84,14.15,24.42,0.74,28.66,7.57,78.32
2021-05-03,0.85,16.57,25.28,0.67,29.89,7.46,82.54
2021-05-04,0.85,17.14,26.16,0.63,30.83,7.35,84.85
2021-05-05,0.88,17.59,27.06,0.67,31.96,7.71,87.87
2021-05-06,0.9,17.42,27.84,0.71,32.56,7.72,89.12
2021-05-07,0.93,17.71,27.8,0.74,32.42,7.78,89.32
2021-05-08,0.83,15.89,26.82,0.75,31.25,7.43,84.89
2021-05-09,0.82,14.87,26.64,0.75,31.01,6.47,82.44
2021-05-10,0.86,17.04,27.31,0.69,32.13,6.55,86.55
2021-05-11,0.84,17.24,27.77,0.66,32.59,6.77,87.83
2021-05-12,0.87,17.07,28.6,0.71,33.52,6.79,89.5
2021-05-13,0.89,16.09,28.78,0.72,33.48,6.7,88.53
2021-05-14,0.91,17.11,28.57,0.73,33.2,6.55,88.99
2021-05-15,0.8,15.52,28.34,0.76,32.81,6.59,86.7
2021-05-16,0.82,14.22,27.83,0.77,32.15,6.42,84.15
2021-05-17,0.87,17.01,28.43,0.68,32.96,6.12,88.09
2021-05-18,0.86,17.01,28.36,0.67,32.9,6.03,87.79
2021-05-19,0.86,17.73,29.27,0.7,34.1,6.17,90.77
2021-05-20,0.91,17.5,29.34,0.75,34.08,6.08,90.61
2021-05-21,0.93,17.89,28.63,0.77,33.24,5.93,89.24
2021-05-22,0.82,15.87,28.54,0.79,33.09,6.22,87.28
2021-05-23,0.84,13.92,28.47,0.78,33.08,6.24,85.29
2021-05-24,0.87,16.9,28.64,0.71,33.53,6.13,88.66
2021-05-25,0.87,17.66,28.57,0.69,33.5,6.14,89.29
2021-05-26,0.87,17.49,29.78,0.72,34.93,6.06,91.76
2021-05-27,0.92,18.03,30.65,0.75,35.74,6.07,94.07
2021-05-28,0.94,18.13,29.96,0.8,34.78,6.07,92.64
2021-05-29,0.83,16.02,28.98,0.81,33.42,6.35,88.23
2021-05-30,0.8,14.61,28.63,0.79,32.99,6.29,86.06
2021-05-31,0.85,17.58,28.17,0.71,33.19,5.83,88.36
2021-06-01,0.86,17.94,26.92,0.73,34.27,5.47,88.03
2021-06-02,0.89,17.96,27.34,0.77,35.12,5.18,89.26
2021-06-03,0.9,17.66,28.27,0.8,36.23,5.13,90.85
2021-06-04,0.95,18.42,28.7,0.83,36.87,5.09,92.77
2021-06-05,0.86,16.66,27.8,0.87,35.65,5.09,88.9
2021-06-06,0.87,14.98,27.64,0.87,35.46,5.11,86.82
2021-06-07,0.89,17.75,27.75,0.77,36.18,5.01,90.29
2021-06-08,0.9,17.73,27.73,0.73,36.2,4.92,90.13
2021-06-09,0.91,17.91,28.93,0.78,37.75,4.89,92.96
2021-06-10,0.94,17.63,29.33,0.81,38.05,4.87,93.51
2021-06-11,0.99,18.21,29.02,0.84,37.39,4.89,93.23
2021-06-12,0.89,16.1,27.71,0.87,35.8,4.86,87.99
2021-06-13,0.87,14.25,26.56,0.87,34.48,4.97,83.91
2021-06-14,0.91,17.13,26.63,0.79,34.98,4.9,87.28
2021-06-15,0.92,17.78,27.6,0.78,36.02,4.83,89.8
2021-06-16,0.94,17.99,29.22,0.83,37.73,4.85,93.47
2021-06-17,0.96,17.75,29.67,0.86,38.34,4.82,94.17
2021-06-18,0.98,18.28,30.12,0.9,38.97,4.85,96.01
2021-06-19,0.89,16.15,29.05,0.93,37.47,4.85,91.27
2021-06-20,0.89,14.23,28.35,0.93,36.42,4.88,87.6
2021-06-21,0.92,17.43,28.91,0.83,37.46,5.03,92.43
2021-06-22,0.92,17.51,28.76,0.82,37.14,5.21,92.23
2021-06-23,0.95,17.73,29.45,0.86,37.93,5.13,94.04
2021-06-24,0.96,17.63,29.58,0.89,38.22,4.99,94.23
2021-06-25,0.99,18.07,29.79,0.95,38.59,4.99,95.22
2021-06-26,0.89,15.97,29.32,0.98,38.03,4.82,91.93
2021-06-27,0.9,13.96,29.12,0.96,38.08,4.76,89.62
2021-06-28,0.92,17.3,29.93,0.88,39.56,4.78,95.27
2021-06-29,0.92,17.78,29.41,0.85,39.02,4.82,94.67
2021-06-30,0.94,18.38,28.97,0.91,39.77,5.02,95.98
2021-07-01,0.97,17.63,26.19,0.99,39.3,4.88,91.87
2021-07-02,1.0,18.02,26.12,1.02,38.78,4.7,91.51
2021-07-03,0.92,16.16,25.3,1.05,37.23,4.61,87.16
2021-07-04,0.87,14.11,25.28,1.03,37.13,4.61,84.72
2021-07-05,0.89,17.45,25.78,0.95,38.23,4.65,89.78
2021-07-06,0.92,16.94,25.75,0.92,38.61,4.62,89.48
2021-07-07,0.95,17.62,27.18,0.96,40.73,4.61,93.87
2021-07-08,0.98,17.43,27.99,1.0,41.61,4.62,95.49
2021-07-09,1.01,17.97,28.14,1.03,41.62,4.62,96.19
2021-07-10,0.95,15.86,27.46,1.08,40.36,4.61,92.22
2021-07-11,0.94,13.93,27.03,1.07,39.66,4.61,89.18
2021-07-12,0.96,16.97,27.26,0.98,40.4,4.61,92.97
2021-07-13,0.98,17.3,27.27,0.94,40.33,4.61,93.31
2021-07-14,1.0,17.31,27.64,0.99,40.83,4.66,94.3
2021-07-15,1.02,17.09,28.27,1.03,41.97,4.59,95.82
2021-07-16,1.03,17.64,28.61,1.08,42.54,4.54,97.34
2021-07-17,0.95,15.62,27.17,1.12,40.26,4.47,91.41
2021-07-18,0.96,14.17,26.92,1.07,39.97,4.46,89.4
2021-07-19,0.96,16.61,27.02,1.01,40.19,4.5,92.18
2021-07-20,0.97,16.65,26.8,0.98,39.94,4.54,91.64
2021-07-21,0.96,16.9,27.67,1.01,41.13,4.51,94.08
2021-07-22,1.02,16.21,27.29,1.04,40.54,4.51,92.32
2021-07-23,1.03,17.41,27.56,1.09,40.88,4.51,94.29
2021-07-24,0.94,15.29,26.99,1.12,40.03,4.51,90.62
2021-07-25,0.91,13.72,26.3,1.08,39.19,4.5,87.42
2021-07-26,0.94,16.8,26.91,0.98,40.48,4.49,92.31
2021-07-27,0.97,17.09,26.74,0.98,40.16,4.52,92.26
2021-07-28,0.99,17.08,27.9,1.03,41.92,4.6,95.32
2021-07-29,1.01,17.07,28.11,1.06,42.24,4.59,95.88
2021-07-30,1.03,17.76,27.98,1.1,41.96,4.58,96.22
2021-07-31,0.95,15.71,27.06,1.15,40.91,4.65,92.38
2021-08-01,0.92,14.38,26.63,1.13,39.84,4.78,89.46
2021-08-02,0.92,17.06,27.0,1.03,40.44,4.8,93.21
2021-08-03,0.91,17.25,27.09,1.01,40.44,4.83,93.35
2021-08-04,0.92,17.73,28.31,1.04,42.25,4.73,96.81
2021-08-05,0.93,17.06,28.3,1.06,42.45,4.63,96.25
2021-08-06,0.95,17.91,28.23,1.1,42.22,4.62,96.8
2021-08-07,0.85,16.08,27.66,1.15,41.29,4.64,93.53
2021-08-08,0.86,14.4,26.93,1.13,40.32,4.7,90.08
2021-08-09,0.87,16.99,27.42,1.05,41.11,4.66,93.85
2021-08-10,0.87,17.42,27.51,1.03,41.33,4.59,94.57
2021-08-11,0.89,17.31,27.8,1.05,41.82,4.55,95.31
2021-08-12,0.91,16.81,27.81,1.07,41.97,4.51,94.85
2021-08-13,0.93,17.57,27.44,1.1,41.44,4.51,94.91
2021-08-14,0.84,15.67,25.88,1.15,38.92,4.51,88.88
2021-08-15,0.86,14.06,25.28,1.13,37.73,4.53,85.35
2021-08-16,0.88,16.91,25.79,1.05,38.73,4.71,89.86
2021-08-17,0.86,16.79,26.07,1.02,39.19,4.96,90.7
2021-08-18,0.87,17.27,27.06,1.05,40.85,4.83,93.85
2021-08-19,0.9,17.02,27.43,1.08,41.31,4.69,94.34
2021-08-20,0.94,17.65,27.43,1.13,41.05,4.61,94.6
2021-08-21,0.83,15.94,26.8,1.16,39.97,4.6,91.21
2021-08-22,0.82,14.5,26.03,1.13,38.7,4.65,87.58
2021-08-23,0.87,16.98,26.01,1.06,39.07,4.77,90.66
2021-08-24,0.87,17.57,26.03,1.03,39.0,4.94,91.37
2021-08-25,0.89,17.76,27.23,1.08,41.14,4.99,94.95
2021-08-26,0.93,17.23,27.58,1.1,41.66,5.06,95.41
2021-08-27,0.95,17.81,27.46,1.15,41.58,5.15,95.95
2021-08-28,0.87,16.37,26.67,1.18,40.17,5.16,92.23
2021-08-29,0.86,15.06,26.03,1.16,39.27,5.15,89.28
2021-08-30,0.89,17.38,26.03,1.07,39.5,5.02,91.58
2021-08-31,0.89,17.9,26.61,1.04,39.07,5.03,92.4
2021-09-01,0.93,18.23,30.5,1.08,40.07,5.13,97.79
2021-09-02,0.97,17.8,30.97,1.1,40.34,5.16,98.08
2021-09-03,1.02,17.94,30.69,1.14,39.96,5.17,97.73
2021-09-04,0.91,16.84,29.76,1.18,38.51,5.24,94.29
2021-09-05,0.86,15.64,29.53,1.16,38.19,5.23,92.37
2021-09-06,0.9,17.12,29.91,1.06,38.68,5.22,94.7
2021-09-07,0.9,17.71,29.32,1.02,38.1,5.05,94.04
2021-09-08,0.93,18.24,30.4,1.05,39.86,4.9,97.29
2021-09-09,0.98,18.04,30.85,1.1,40.34,4.83,98.02
2021-09-10,1.01,18.64,30.87,1.13,40.03,4.88,98.34
2021-09-11,0.91,16.68,29.11,1.16,37.41,4.98,92.04
2021-09-12,0.91,15.51,27.69,1.15,35.85,5.03,87.79
2021-09-13,0.91,18.09,27.52,1.05,36.13,5.09,90.49
2021-09-14,0.9,18.13,28.08,1.0,36.81,5.05,91.72
2021-09-15,0.95,18.6,28.64,1.05,37.76,5.06,93.9
2021-09-16,0.98,18.13,28.84,1.07,37.75,5.31,93.76
2021-09-17,1.01,18.69,28.88,1.13,37.87,5.48,94.92
2021-09-18,0.92,16.72,28.21,1.16,36.71,5.64,91.29
2021-09-19,0.91,15.73,27.93,1.14,36.0,5.94,89.47
2021-09-20,0.92,17.74,27.57,1.06,35.98,6.13,91.28
2021-09-21,0.92,18.28,26.41,1.01,34.75,6.14,89.37
2021-09-22,0.95,18.62,27.94,1.04,36.51,6.19,93.13
2021-09-23,0.98,18.46,28.02,1.08,36.17,6.05,92.64
2021-09-24,1.0,18.73,28.04,1.13,35.99,5.78,92.57
2021-09-25,0.91,16.89,27.78,1.16,35.47,5.56,89.6
2021-09-26,0.92,15.67,27.38,1.15,34.87,5.41,87.33
2021-09-27,0.96,18.08,27.5,1.06,35.48,5.55,90.57
2021-09-28,0.94,18.24,27.32,1.01,35.37,5.99,90.75
2021-09-29,0.96,18.5,28.13,1.05,36.47,6.42,93.41
2021-09-30,1.01,18.28,29.19,1.1,37.17,6.66,95.32
2021-10-01,1.01,18.7,28.56,1.13,37.31,6.35,94.93
2021-10-02,0.88,16.84,27.69,1.15,35.9,5.95,90.22
2021-10-03,0.87,15.9,26.87,1.14,34.81,5.81,87.2
2021-10-04,0.91,18.24,26.61,1.05,34.96,6.4,90.12
2021-10-05,0.92,18.41,26.53,1.01,34.88,6.59,90.2
2021-10-06,0.95,18.66,27.72,1.03,36.36,6.89,93.36
2021-10-07,1.0,18.53,28.4,1.08,37.21,6.85,94.98
2021-10-08,1.0,18.48,27.6,1.13,36.23,6.76,93.05
2021-10-09,0.89,17.04,26.57,1.16,34.47,6.97,88.83
2021-10-10,0.88,15.74,25.99,1.14,33.7,7.6,86.95
2021-10-11,0.92,17.89,26.03,1.06,34.12,7.59,89.45
2021-10-12,0.92,18.02,25.3,1.01,33.28,7.41,87.78
2021-10-13,0.92,18.76,26.63,1.04,34.97,7.37,91.43
2021-10-14,0.99,18.39,26.94,1.1,35.44,7.34,92.14
2021-10-15,1.02,18.18,26.74,1.15,35.03,7.7,91.66
2021-10-16,0.9,17.0,26.36,1.19,34.21,8.66,90.14
2021-10-17,0.93,15.83,25.58,1.17,33.04,8.92,87.24
2021-10-18,0.96,18.27,25.55,1.08,33.26,8.51,89.52
2021-10-19,0.94,18.31,24.98,1.02,32.48,8.19,87.86
2021-10-20,0.95,18.76,25.79,1.07,33.65,7.98,90.23
2021-10-21,0.98,18.21,25.9,1.11,33.78,8.28,90.12
2021-10-22,1.0,18.53,26.07,1.18,34.11,8.87,91.65
2021-10-23,0.89,17.02,26.07,1.22,33.91,9.09,90.14
2021-10-24,0.89,15.75,25.59,1.19,33.08,9.13,87.54
2021-10-25,0.92,18.65,25.28,1.09,33.09,8.67,89.53
2021-10-26,0.91,18.6,25.0,1.04,32.57,8.56,88.7
2021-10-27,0.9,18.69,26.02,1.06,33.91,8.45,90.87
2021-10-28,0.93,18.42,26.82,1.12,34.81,8.42,92.37
2021-10-29,0.96,18.7,26.39,1.16,34.2,8.44,91.75
2021-10-30,0.84,17.3,25.93,1.2,33.33,8.31,88.85
2021-10-31,0.85,16.19,24.76,1.16,31.88,8.36,85.0
